,email,username,password
0,dp4c7x4@ppa.piu,y3n9pj1pgj6od,xdwmfzp58t6z
1,49jbwram@gbtrf.kwri,0j4hg72nkctp,npfhemid4fvpq3ds
2,iu4mmsk@sdg.imt,2j2bsnf99jqgi,2kwt76w2tm88
3,0wivnexg9@driwl.agbx,lxo7f58dj9ig,ieki7fnfjglc
4,aenha1@vtopo.pps,dsezzbsv2n,o5i0apliy9766r6cf
5,8khj1@hazro.yry,5ah0rsqjd4s4,7y54i2k2dmf755z
6,mv0vvh07@mmfvb.ls,fyhj5zagieku,uz1bi9e3whwqd
7,i8oj938oo@ccbo.sev,eh19kffoh2wfu,7tojachg2c1h
8,4tqn312i@gdma.ai,p5bazvnqegf53,5uk2je9uty9q2l1
9,1l427bd9@ums.vxsg,xjhcjrhr,3rdaql6voobve39x
10,w2sxo92@naza.hk,2oy0gnbby,exn4zpldxavzko4
11,ywyzbj5@lxt.glz,0f3aj0nc8m,79ugn5sfxu1xp
12,5wydj7s2@hlnnv.hkrg,r7ht42l5h,4nxx41atwl54i
13,y8762@bklog.bze,wpm8sag2u9d5,yjp37mutsap
14,sd1x1b@mlw.pa,zqh0ljjxef2z1,bol0at16w35fv3js
15,0ixrz@ubl.czfz,9fh00pubf1th,slmhddrbfcwg5p6
16,mysx4@sdnww.rx,8sboz6k8p,w23ipyocofm28
17,tlf8ognsb@jww.iez,rmvn57q8vvbam,fuh5oq32dqy
18,7k4mmb14@fph.eava,nlc9nkwf6,qoz038rosmbc1wwd
19,ixmebu@wxqfp.bk,bb6jpjxruh4f,v95zmc4grdvwj
20,too2d@adqx.mne,mxkib11r7n4w,k9hnokmn37f
21,m3is7nfcw@gbs.ag,1g678iehgdbg,zksxfjheflnxo
22,7l0d6u8u@toi.xdkb,jc73gtpi04oeo,kht0xmzggczat
23,q471ufv@kidhd.vvyv,0kj8hjxnz29m,x240401o0cvv
24,x41ptauh@mfhe.es,w7ntzx14h,ivzqbxdufqr2
25,jh30gl0dz@bych.hzw,3l1luhxnn706,edwq7qsqnnp0r9bwt
26,zv2mhhclm@tdmeq.gjt,0vbd8zyc9qs8o,2vz6j1rbmh8proq
27,64sjyis@qrxnd.hbzy,o1cjy8u9y,1jmq67q3cpu
28,ka0nk88t3@cvwjn.oe,36bggbweum,gwh1immcd56a3tvoy
29,n3rca6@przuh.utq,qlg4q0mocus3,l7gms8i4d7npydrmd
30,r4d4gy@xlxne.nhn,mtmvcw6b,ln7gkbquwf8tpg4gn
31,2406ya3@izw.ad,sqifdn0459lo,z20ukescmhe28k3c
32,8zc9cga@vher.qvn,ecq2c0kqsah1,h36i1238mt26ay
33,tae6z@who.vwn,pk4a2tp5ukog5,msokbxb5j2iuk
34,jzc4gr@piuwh.ewh,krzzjxrm9ax,zeukw029d8zql3
35,hkquonzf@ubyj.nofz,o4mhnbyom,0awwvg0e16j3t
36,51yn5glm@xgeni.ugix,gehifi54,vfiue2kanhga6
37,14thrb7@tfsy.kcep,jw2e5234,bfl3rowt6578y
38,kkays@mkaft.uhbh,iqooq5pe3k40,elrwyj5nxy6h
39,5dat7f2pr@flnu.mpz,9rz55d7ue2c1,o8k03m9jflbr9b6hy
40,omfcp@xrgjw.un,m6am3x42,apexy14gs0lzhw8
41,5hjoo@ltxh.wqlg,0lodpsrdrg7gw,pzyrqzk5slkl
42,vadbw1np@yth.gal,o2ffoavy8t,9ih67djma8c
43,npe7527m@hzou.lzs,uqr7jkz3d,kdzpg4c3i0n4bp7c
44,yok8z@ujgd.pkfl,alm7b66w1wcn,qr61qepntciagve
45,jdlp5la5@ryee.zgh,0vv9xkom,yn353ku5ny6mk9
46,g0l9j@uii.ofe,h6idpk3vlsu,lohy6r8ktuaynva
47,bpt1mk5g@erpcb.hut,l37t78dd4q,xzy6neq8hdu
48,jh8jigsyk@zqjr.rmwo,8juu86c13,iq9jcny37y9motfh
49,052cd3me@ymaew.krtb,fdn9id21mx4,e2opjnzpnza1rw
50,84bgb@wzse.epts,bmk4qig99ri,tfwkc41fsaot
51,d4z0wf4@bnjfj.yxw,vmrs0isgb,d7cwo2r7dw7igsp7
52,tva6c0@iju.bdk,shnxim1tr,592vour55j1b
53,sa5b0@akkv.aejz,c8vkb91fzd,c41vzdd8tp7e0fzfi
54,xp8spfo@uphqj.vkd,7p154aiy2e,u9clcy5b7d4t6trwh
55,5o3jojbz4@cpbvf.dpf,6cubehov4ly,vfukb2iwswz
56,2hjtbl@ibrj.ij,jsijjnnk,s1x4ixfijuj
57,fm5e3@ovqgh.dw,irk8d8yavf7g,4ctgyq351e4ou6tg
58,b6ks7@res.ixr,h0jm85xb5,5anugkaf4k2hi2i81
59,smv5v7j@qmyrd.xt,ngtqsapyre1s,chkhilnud3r
60,hnzluu@ooojt.dlu,k13m350xzzu9,0sy2buw4qavglc
61,lx49j@qvv.zfz,ly42udk0,5u4v0h5od1z5
62,h7njkv4@whzq.yxel,xoho2peitu,q851s68sj4f
63,u5gzwi@schc.zh,nwhqj8ef43,ieqe7fzi252rx
64,4atqzkynt@jtf.kmm,7af06w3u,hma43poi7w0
65,d5klbg17@hwsvv.nl,417gv5t9csg9,m4ctfyrkqoznq6e
66,60qohod@snv.jyu,oylhnkmp,wf0s3xg88t1jj
67,mmu23erx5@dfw.eai,1lisqa9jl9w9s,0b6d0o5zsjt
68,x7rp7db@tqgm.olgb,yer02sn5m7,q4d3fzgmfafo
69,ure289v0@gbaxe.qi,bgv6bdgjj6uv,82reaeiy51krglj
70,69q2mcxmr@yud.gvg,58vnqxec,22nsxqi4r40l
71,qtaq4aeb@unuuh.ro,gs79olfh3s9ky,edbxiqj3xtacaw
72,12l3q@ycf.em,1yfjfcvbh,7hq49wsba06djd
73,ktp48@mludl.zxja,p1he9er1kk9ee,gs76beu9hgv6l
74,9rtlbal8@rbmc.ukm,x3fwcccjw,g98ihrk16lzev3
75,wa2ohmw54@efmx.ilgb,6qcxh9ex,nolkrc555hlo
76,qn1fn@bxlsx.ta,c6wbi2hlh79,egdqf6wzvxqg
77,6a7cm7srs@hrp.jd,w54t8at8k,e40jbx3g4oqfzdgn
78,lo3kmkbpq@rcrpl.hfj,4bd6q34warfb,2bz9aqwejo7
79,rqe4ij@rrqb.zxm,zi26f56py,2qgoaf9zqv2fgpwx
80,i7ivhr23l@tshl.sn,vvn0m8n51,xcygcp3w3h66zp
81,vjmb4@ahj.zh,tud0lumj,f7i2hxizo5p15q
82,93ih2@wglnt.th,0ikrxd958uy5q,dbs4intg6jrdc6z
83,xp472qz65@woxpg.sx,vl64twv7,atrsnqhkhpj
84,tm4u9@hdd.xc,pmo0oz7kkrq7d,gufjz67vf1u3q0y
85,cq68t@cjl.hli,2f3630c6dd,cbr54kanmxqz5b
86,1jqjpi@hoa.pfeo,im2ppmzo9rh7m,f74vgarls8lqk
87,v17aprzp@clsa.nwl,9kudpyi0tf2m,yykvv8ikjcv
88,22rb9@oxim.xtn,deb9ctiud,ilctgppo7cxjr6
89,ki1jo@erjvn.jm,eqow2ncu4fxjh,iqgc00ej715kwqs
90,bkfab@twx.uj,hk5ylaaf,2edbr27nk4u9
91,kjpy298o0@csnkl.zchg,0jsr9mnqp,fbwi4viu3c3
92,r925535@pmok.vhvt,sr9swxwuts5h,n4wmw0k0yfc
93,uodo1@gnt.evqq,07spfyebvww,74115wwpnp6
94,ck99w1b3@zfnbp.asms,z9u2mnv1zg,jjrv9rb6x79j
95,fzn0a@biv.xw,bgpil92a,i8p9by560dw5fs7j5
96,hm7v4@drrib.tbmy,mhz9e061,yznj47i38v9d9buj
97,xj0qw0c@fqs.dr,a69wsf4p,k8lg8ah0w13jrf5
98,wcf1g69km@ibwa.cju,1bkie6mzjw2bi,mqrya8bp87ygypq
99,fkr96ojay@ljt.pgj,5mg0mkrw7yaq,j0ae1l5s5nm
100,dfidt@pqgin.se,f2x2zwym0arsq,3whseqv7jod5eio
101,v9h9bse@aixlh.wcvr,mnf92aoaxmct,4jb85jm8f2n
102,ciyqbp@jmbrz.ghsk,2i1yjqapy8x1w,ewr7nftv4ravaw0
103,bbi5mt5n@ibhh.pwlr,9092ny9aod27v,bs0jum5q08vkof
104,siwkr0dh@smnd.gtzv,7bflzh82tn171,jr16ifsvehyjo19
105,zf79dntp@ijeq.irh,oed7ffff3a6,y9kihfnh6z15
106,vzrwbi14i@lndts.mvu,yzj9ru7kkx0r,vs9hf30ccp5nj
107,vt1b0@poqzq.sh,750mnrvqo,6y50391r4a5e5og
108,i1gy0h3l@ksffw.is,ja0j0ij0k9,3osoq21r04lo1rnd
109,zgqv29@lcgh.lsgu,fsaupxhgrc,6a2f0ywxoap0y2mb
110,eh83l@ekaw.wq,5bq52qvhewsr,wk3m7o1fp7ieg
111,vdncjay@geluq.nd,ugbqcbgtixdrg,1rs8hulh8jt42
112,ubce6@rvi.uapq,h0h2qb00eth,rxfutphxtx9yu0
113,ncl5s7pc4@zlegi.qwas,a7jjj1pd9m0u,61dbc1f6f4klh7
114,usev3@wvt.fnzb,9orgj19960,1e87nmqy5t13
115,6kinw2w@ztd.cqrc,4wvc48c12sq34,ua0wwb5v557ltxqes
116,12inodhm@oqofc.onr,zg3mat15t,0dr0k6mn8xyic
117,uyvigmitc@abiv.ord,hfltduwm,uw31hrcxtf2itd
118,f8e3ast@iggs.pqx,utyksxq0y4,9ts7u0k64hf79
119,3tiej@awscz.mhkd,ilgd5cymq88,qjc5l6c2t556
120,skshtf0k@hlnm.ff,mzch8gmcq2,bq67uzzjxptmc9tk
121,dj181m2@eln.ycam,j3xn00zul,lpswxlqk3mhd8slm
122,m5upzmh@osox.hm,e05u1acv9,hie63u3k2cgp
123,omk18xhbo@orwyg.ez,y3otazkx7f8z,qi6duy132asy57ds
124,abq98k851@mvuo.mny,f53y6mtk,6qo1ui3e7rsbxxz
125,a8jnqkfh@poi.hl,s0a90xon70m,ktzoisrlmphbj
126,qpzwl0ab@yzds.cfl,1p86acjt,gad7yj4fsux
127,4mhwsk@jtb.wpi,e9t5xd7rtjr,in2x0ryurabu3t8d
128,biiyhy@emrrp.xn,4tc5yppc12xs5,pyzioddapshw
129,aq8kb@etzft.lhe,e9ricecmc,p8t04jyh87m9yak
130,dnwhc@xzj.sh,w3zw4zyivi,kaqiwafnon5k1lis
131,u0irxip@zecyx.ni,axd5iif1nnk,xd35zx23mcj
132,8v4wm@fkyn.igi,5ck5kusgivaz,ppz0fkpwdfn3vbz6
133,vrjd3mt@jcq.ckgw,5e4q18uaj08s,p3all0v0h85q8
134,g5o34@mgkbw.aah,psq87l8umw,hxo2d076xjd
135,rg5jj7v@byfh.fwop,9l0l30uuyb4v2,rz59dhso5ol97k2e
136,z5k1p161@xmuz.caj,pwfrvb5t,qded671h4q1f
137,tpbk5xc6@rjwh.skz,htkz6i8auq,jbxth914vknbth7
138,qih8r@smzad.znc,bd8sp5h229,wtrdpsxux54zc116
139,il9jo3uff@yvwmf.snkp,ye1bjtaje,slmxiawn2o11yw
140,a3nvve@sufdw.clh,e5ka7qgbpem,7c4bqlrmc6bzj
141,585q84@pexdv.rtd,ftpddej21eg,hdbujqvuvzcbq3
142,ftvk7@nxks.nx,56abtrgn6f,zl2gyzk3rg9
143,lrcna9@xokum.wu,no0gdo1j6j,0nhftxdt0afwu
144,vvjyspuv@byc.srei,a8e0gzj4f,9v5etu44yigskl
145,5zun4fe2e@niki.lhnx,9nqs086wsddf,t5a3bsce7fytgj1s
146,d6cfm5d0@wkrk.hnf,57u4evwqypsvl,ek1uzdl4sp5qn
147,eicof5y@puinv.pwhx,4iyrg1203j,jzzlc1wmivstickax
148,fyrxo18i@rdi.cmx,837nm3734s8kx,1oxan6koboq8wz
149,yao2p7@iyah.uyg,kpt6wai8,zuvcyl6lrfr
150,j2gxf6@srb.qofn,68weck4mrwt,1wrzilrqevb
151,vfw2pynhf@cafcm.hbsb,fi2wrjg7c,yle0duaflisp
152,pbw57xo@keyrw.lspd,se44hfnnrt4,9m3n0qm227rmkf
153,oy3b0@ekv.nj,d2mgwtuim5s9z,nn3kdiigoor
154,dvkx551@ijqng.se,sk5bfyw81mf,6snpmditm20
155,6xgvo@vgqqx.cezr,saq6pj1frd1,gm2hx0agfnau4y
156,fl1xh39sq@nupv.kbs,xufxwdfd9dji,ac3r2cuk3t83k
157,fg1ix@ivtk.zyyd,8g6cyop9q1,ik8qldau6lbw4
158,b82kt4cs@vda.wqi,6v5lab7lp8,3yzg28m3henzuj1
159,s7vcw0n@lgq.ud,8gtieh6xyhu,46sosb2kzwy51r86
160,jypjcolt@rioee.ci,4tpxhj4k,ozc6fb1dp282hoim
161,ryhky@cju.bbtl,7tvs5al7qok,72cgweld1qk1md0u
162,b3ibkj@xkj.exd,uw4kgjxrqfsko,quisj17hiwy7doii
163,aqj49@bkz.ef,smcyg697ncwry,l97g6lbs5rlj
164,qd3vkn5ra@mxuj.gl,06lc6y23o8to,4z1clg71mxbkv7mt
165,1jyj70@eeyht.qst,bn732ehxy1,1sy5j6sb9gp5rbq
166,jpa5r@tdw.jpbz,yjqzcj7ufhfkx,ve7gnumxueegd05
167,wgg9r7i@vkfx.qxfv,a9kat0q0peb,6xne7gde4ko5
168,3zqikvn@fvjd.gpi,ro6cclfpn1kzh,gpjvxve9py5lgk0s
169,95fnt@lro.st,2mhu9d9ztdcn,v9czqyuu8cbz8
170,46fte44ws@lqq.waau,x8908k0s1t,gwm7tz0qrlvqz1b
171,a93ce@mitab.lvcg,9eb3c70gyyd,poay45cy2zco116j
172,8xszo6@ayqx.ylz,y8bt7g8t3qd,cg47rb5s6t7brrjd
173,5wgugr@fmsi.vna,hq84nfiykrx,ateu4btgive19cak
174,u5c6oj43y@ljj.iou,axfcj1ge7ar,yqto3gmqir88o
175,6l8ag@htsua.sjjz,80mbwosj,sqx5l271hx4bprx
176,okiaqdi@hrub.ft,mdz6oz1mt1ii,uc6p3lvm7cg0
177,ysv8df@vwmdu.dk,b40ujcdk,svl5cbt0vps8
178,g6fhoiz@uzhe.xucq,672jeyq45d3,yvtbyke9hoya4fa
179,lg5a30jh@llsx.vdkm,9stcenucwwqm,9u0c8wmdxv8eiy9oy
180,n4xmk319u@atd.gvi,dd46gzi6,wxyjvo5au6u4h6m
181,m5ekyju@unsu.xoz,r55r3k4hi,p7u19kn5t58eiafr
182,8pcuc@ktqo.uia,3c89rqh29nm,g9ag7me2n0iu2iqk
183,8maeb8g5@teow.aoy,h69nqs9751ec,5kwig8q6uhm
184,i8rs7c@vmnl.ju,m3qcz9xm606,tyfncmllvv8w
185,ze84fzw6p@catlt.qyu,7bpp9qg67b1o4,6zvee285myfuez
186,zev667i@hsz.hy,1nu8pwgfr,vqkkewqnz8r0geed
187,im94y9zw@pph.ixr,cz8wwg9bgafc,ej7etvmakimhcdr
188,9la57l@yen.fly,l6mrofbxb8mpq,pj95c1t9f3nmm5
189,4v2va@qqaoe.ckhg,5eu92z30c,trsh0pwm2cg7
190,uyyhh@jncrm.rg,5keu7ss8t,k5xqxe1hvxlk6xe
191,hfl4f3yk@oarb.esvq,jzyj025f,2jckjqiapv6pwkk7
192,kya08@ozlkc.mjgn,cf2lye9ma,0wayewwgr0d
193,twbi9z99@hahwr.imkn,sy571jdgs82ah,671vyn25e9wv4x3nz
194,rlq03530c@sks.csq,d5obgwsx81u,uhqtnorx5mob
195,uk8jpd7sy@rcm.gwgs,8olc1gh3ie30w,agmgsl6a77pv7
196,mw5suy@yhnzp.cn,4ft6wy0rr,rfs3fz85ja3dsm4
197,pkfm51@hlfne.hnrh,let30fyji,pf2dmag1dtf43
198,o1cacz@zfxbd.zl,la20rptgvrb,y4c2jhy5n7hd57vgm
199,nb9u7@hqly.thq,q34pq7jolzpc,nwbf6v8x1war
200,tz4ve@dspkf.prl,cr8d5nkq,837jvjeboutr6wh0
201,8wnuc0@lri.jjvo,z4u5qs1pq,ex88tiqlt3bu
202,gxioudeq0@knc.kpwu,pmh53yfee,n5agn8ewfuar
203,zq66u@lcazb.ern,lzla3j79ds,6q9dyx4fp8t3sljee
204,py6vwi1tr@owjwr.vzz,i0fgb1h2,i0533jp8qwjn8
205,jrlrz2x@maok.qua,0vdp4jl9zvlz,8axy7theh3vqmr928
206,1xxmzgzqm@igur.hz,ixjmo3fi6th,83jgdi9m66vmhji
207,m6l0k@kdljo.fzx,43p5mtsf80k5w,gndaw47ytuq
208,k3r7r@kmo.evvy,tlv5brc7je3ea,eccyej6wbfdh
209,81dalzuen@fvhk.xxq,oy08occ9j,hw9bqmdwwcds43i
210,x8cn82@qyvek.pvm,bzcgf9ha,zfp2363iqdzr6
211,zadqi3kw@xhspe.in,0mrr4soztbje,eh9sd6qf0dqatx
212,xyf880bgl@fmgvz.rox,p5jkp80c40xf,r3s50fr4h4a
213,ef9fqd@pbj.ydf,hrnk6y0vn4h,bhfuvk400hf1m
214,wf8k4@eeccc.yy,e36hoypm9sbly,hghtysktgab
215,387gd9b@runjp.anfy,c3mrdcedeq6,g6pa9onywjwlnb4qz
216,6me39qls@pzkyz.zt,9aw9dgz88,o31cwj5z6jaf76
217,d207yp9@kpdo.mnm,qsvjtfnebs5bg,cs8az3kil97fz
218,m7bnsyw@oiijv.cuz,t66yorv5j5,dxmd8yhybbb5zui
219,b45ywq9lk@znv.xca,85mh0z267dtgu,2qveas1ydv2yjm
220,d3hxs@jbxlu.omxz,orowzz4m,16nhvow2q0d
221,6ekpe7gyh@jjuil.bv,0dryz8x1x5ev,3qok6bd7dk7s5p
222,ly4b3l2yy@nnwoy.gupm,mpcq08twk4p,dmxgrb724i5
223,i22lt@gsw.lykt,b25atl79umgc,l3ts3pzugipi6s5la
224,z1tm93vb@eince.vgya,l8q0rl7xg9df,1ks7dxsolor8
225,hmu7sh2a3@afptk.sg,e7bzs1nml6b2h,k37crmpc4h36n
226,nyveu@pmtb.wr,anjlwn05ltd4e,m8wvk25nlv7
227,5eknage@iye.yri,k0j84e56jk,t8iyyuq0cs3wp
228,b44v634o6@gsdof.ji,iu2ye2xp,7l0hw8wumxx
229,j32h54b1@zawwn.wu,uh6qdl3ezb7of,iug631nzkgmhtu0
230,19sa6s4@qmmkb.fx,foi44b7rm,bfr7by1ef3bwb0
231,dytgih@ugc.io,b5sy8is0,y8ejds14gzv0d5p
232,x4efc@hhgjy.fs,8hawnweq18d1,0jpbdp3113iu2q
233,pjb86jfc@dihsy.vdgo,jxkhx8vcm3,7wmi2f14lqmyt
234,ebphxqjrk@rzsgu.yf,ao6iwnhmae,96v8vbkwstjyu0x
235,znayam1h2@mrm.ll,q2gn02ue0,o9wurvlaqdbexllo
236,riztvt0i@tpki.ram,tc0fr1xr,7jf1dd21sp7x
237,edcz7n755@szuxm.lm,nmmi2r6q9cm,cqqp2e3j5al41ffvr
238,zksymwu@vyu.zub,yixfxwmwkrj,qy8ym0pua0ucmbw60
239,65315@thkfl.fb,g6rajthfd5,0ce0g04npyn4vo
240,yrw7dj@phc.rpyo,pudp73uw0lkt,cmq0x9lcdxfoe6pgv
241,tcvkfu@bsgvy.koav,2idui8fy3c8h,mal420u6f8m
242,dlcyrtqvv@alxvo.fzn,005mz8q8e,hhddw5oa4e7mi
243,g1udh2@cacx.efg,0361f4pd,qtx89eejgz2hz
244,m8gezo16@pyhrk.bkr,jtsfjkypuczvr,4ay3gvld1bojuq6
245,oxbt6okhm@dys.ai,rdjmctw2zgg,48a8g0y5zn8
246,pgz1xp0k@comde.zfxv,f67axb9q3n,iukdokz2y4uc
247,wiref@eyk.ad,i4cv8srtc,uhrg39ns7x7lqs1
248,t08dwt5@fwf.xvt,bswx4xovfo6,8oca3dm1gok
249,16tq2o56k@pjzm.rqvp,dgfwu9v9wk,wschd0wtetg34vgf
250,c5otbs1q@fquv.nof,p4cwa37r3c,grrsmaro0vdzzlh0
251,az6hyfx7l@gicpi.rewd,6zsppn9j8,6qo9lbg6wrc1zt
252,t11kv@kvil.ta,fw2ar9475vio,sh4nipvg7dv
253,dsxhsfbnw@ymm.fb,1fp1t1it6c,6yd7agokp47
254,icp89lvz7@oku.bnrp,3lygmhmldqyrt,y1o4cs0z5dz1
255,eksz27xu@djny.jgk,ru9ddhztsjw1,agm36rur3971ij
256,ukjsuv8is@auyv.dfj,64ks7lcc,yyzvzgq2ps9gfqs8
257,8kgwp@gop.yo,yn8k58ohx,9z5cb8guupx0
258,a706gk@vplcz.bi,1hinmp3s3c,rdhz7kvbsq19
259,qmua4r@wpx.pa,dii3ucmp349te,pacysgar04zldlli
260,wia3b9@fgmpo.xtdh,li2s8fryubp01,218n258wyrmsd
261,h5yudrfq@wqqm.ktva,b22srr17,mumx9e7kdct12
262,pu26bz@vngpa.bjir,61uuuubhrhyfh,e6fn2dyuslkyv75ok
263,vyxnh@mli.qqy,0vjiahzdu56lp,sgd5be0ry2eg0kz
264,ahxt66@rljv.xpfs,0hv4zz1yujuox,2cyjp8v5i7gpbii
265,qaxgl@tcbc.qd,m95efrpkew,8h43eh4pnxpsl51w4
266,nkd49fm7@edlnr.zim,xi2omq7sf1iw2,armnodvms5at
267,xsx9wbbi@chg.gqm,szmgon51d,x0ghy0caiq40s
268,wo1l5@pfovf.hvo,cagb775nh,edp2i6pdyl0b
269,7p0gr5@dyzcg.qzpx,tvtefvrll9,3u16gzy7qt60
270,gxqywe@bfkux.cyh,m67czw61ew,zqcxnvsi93lwmmi
271,qcnfqgzz@oygrg.dk,3qdlg1yywi,iqo3qw55ebl979xbk
272,eyh36fg5@ogc.mo,tjgtst47a,yug801diefzk0
273,mpkka1@itq.xxn,pygwzm3b7ztk,i1eul5hq34x0z8b
274,i76ozksxc@lmj.wqg,1lvmbss6p,jrljxnlxtwl
275,5i6q57o@kldst.wb,3u39680012,f0a8alniyxbf0qkam
276,t29tij@xhs.oo,02yg4p3g298a,7wopely6xja0
277,apcmwo@pfczk.dcp,3005fp431s,xnxpvxy2x0xmwk
278,jbdpyilr@qtlt.saza,a0yugc7xl,05ifl2zg0ed5mrj
279,28q3nuor@hrew.hrwm,86sffvh1nu,ejzque3vyhm5kq8
280,633st7bg@hvo.gxw,hofswh6jn5,dwwx1s0h3rvawgai
281,7l15yd8e@sooz.ik,1k7lj95tng3,vo24auev650
282,y0kpq4up@osklc.damz,mn5p97ht,9ax4oebb2xs95cw78
283,v4rzw@meyt.wvc,c1ea4wto0n9,cmaz5fzcs6v6ljl
284,v6lplj@bqibd.koe,btjh7o655ot,iqnv558hk4wjuzk
285,wj7r75a4@blba.yyxd,86lbmjonbbq2n,tp1ub9yw5pbhypd
286,d17fipd2g@vqd.vf,58nn758af,g7cy4fyak7s69
287,zh7sdvlk8@phh.zwna,tvac4de74a,qkobs8qaxw5
288,6bqlc985j@tpat.lrf,h2etxhakp6r,124e3uft8ir1yfe
289,lxtxzxx@hysi.xv,7o7nxn9af8wwf,0nthatouakse
290,iqo607ajp@roas.of,xdknyaq632fg,zzo4go8v4lgivvgtg
291,u13hq7o@mfyow.cd,7g6fpv56a,2qgkjvvj5sp
292,nqxbh3@jnq.abr,fuhi4x2pm6t0y,uog1t0d84mei
293,dwcbf31gz@oiikd.fg,9lnwtkwri,w0dmhxq3ap97nz69
294,yy8d1vm@mlxox.ak,1b64c32se4z,pain3r8nfe1
295,exvi1@xyle.ag,5gi5l2c56wk,1qia8llwp2p
296,nla6t9@qvg.tkam,xf7e85ud,5850xxzuxc09fxd8
297,kjxz8s@daui.jqk,13vl16kmh16m9,v3m4pa3ho2kidkgm
298,ljtqfn0@ooaqm.ettt,pc925ouyfgf,e8pkw1k1vlvsj
299,4gsyp3gi@sfey.nlf,39kspikjl,u0plcc5huqukzpk
300,5fmif8lq@dsadw.gh,hqwcyuakg412i,beflw8iska63
301,639aoy9@leul.dgjo,2ml681und32qn,4vk9yhz9dwx
302,yamdsr3@mlvhm.wph,ulz310h2w,3xo7y5vdcnqj
303,58d9d@xjpmu.gve,soiyjek2b7,hjc53sc7a6zbr
304,5vnbv9hzc@ocf.bnt,jchkxdnjemdrq,mwczm2vgobgco
305,doe1y6p@unt.vs,ultr3b90u,5cp2xsw8xrdzt5
306,3a835c5@myy.vsai,2ag227at34fj,8w48lb5d6vnqmgmum
307,1sdtw87q@hmlv.fr,rd1li35rpl7f,c6oyn2bz3m5b0
308,vgdi8hd3g@grli.pvg,tcc1fr0ds,pmi6lqtj4g0k
309,v3fls@hrve.iek,4zo7s9u3,7z8y7maw4niusgtfh
310,j2vsd1tek@omo.gacu,9yr96bdlomp,z9gfc23ifjppqjfk
311,fmy1d31p@vtuuv.asth,i4mm20kci,v02fcdtjq42sb7
312,zmy970x1@oyi.nvh,24etno99wii,80qfq89x3h033l
313,z9nd0qsdc@ghmzp.xlom,ow5xmc3f5m9z,xycckmk8u9fyc
314,xaxtdhgq@kpef.sx,psfumjen,onhyuabgl0codq5m
315,qmwj7zv@raob.gsag,eyp9oqoi,yceoic6tue4
316,rme3nf@xaxe.zwh,e8fep8u5e0,9zur9m3u3fp9vu399
317,njp35wd@uxd.ea,ghw141k5r2czx,q03tr2jmgjfl
318,qmvz5@uxq.qkb,g84u3v3nv4f,vdm0hdlpu1eneykx2
319,j1djn@urs.jk,uz0l8m0k,a8eas22mvgirvg6p
320,hutsg@mqv.ptln,pn9hb49z,7zy2eune5herbe48i
321,i0oqwz69@qwroz.sph,cm1d7ms3q,29784ri8x4nyqi
322,iptcw86@dtny.rn,3xc3i2ph9,ec7bre3unq3rb3ka1
323,ginl7o@cndkq.xcz,tjc4j6ritj7q,p6trxt21lqnlf9g3
324,8sgd5ie@lwca.pljx,u4boozbb22o7,5ci45id00h0yj
325,iwz1v@fjnq.wuc,523hq8xlhzx08,6kqjdwdih94
326,55fdhwwj@iboe.od,yymcfzxnc,vv6kcb79gu7r679cc
327,qd46i9wm@ppckp.koc,i5ls4dum,s47hkghx5rasec
328,9us4sab4l@mukt.bzr,s1a8q50d,d3xsw2ss6vdwog
329,f0lit8sn@kogpf.ai,0boi9urdfgh5,c3749x63xx81f20
330,2rg0t@utona.vvje,07oh0llldww,jwwyru5ukjtz
331,ubqb63c81@nalf.mv,6wy1jnbe2r,phonijjxl5kek2na
332,q68083@nydn.ued,rxlb7wzzl,87prhjn2rtin
333,aboqe2aav@wukq.fr,mmaguhkrilqtk,xy7blxtuqxub9f
334,cjm7jt2s@ogbvd.qu,fuyhy4pvoi8u,wk4hanrdapel8n
335,znum65q@kkv.tjgh,iy48u6iub8y5,nqecfyao4gq
336,2oo5uj6@xljq.skt,fmh9nbyjjjld,1ptdwibdf4f22x
337,fsp9v63@alm.fb,f0qmqy4v8c,ygatvgy299v97v
338,bahulp2@cln.hacc,gjpjmgvautkkg,uce28jz29v5bz8ui
339,9sm5m8rx@ihpz.fb,xv6r00qa09mc,tgye4x8a4iv
340,t0ym0sp1u@rzp.nq,90htpjkzp,8sxj10poi9cbh
341,dvydn65@amh.rzlk,6zopeufducp,a4c2zpmjm8rkcf0g
342,seejm@yue.cby,74adjrjo,ce6yhlsfe4ex4tv0
343,y097h@qsmkz.xkxu,ag72djll,u0d7pr7o4g1g6l
344,16qr9@ato.ej,719xpsf22tgm,yud6bv19h583lq2
345,dbqc8m6h@axq.wv,c9fhaz6gw7,75zdykyhecswlf
346,g4m509xda@ewenb.fm,byhdpbp8su6,jqla3mfqwcltmw
347,f3ufth@khhaw.emc,car30s4gl9qh,ujywtve386l7q
348,7nx6gc30z@vgu.qm,gqjorbmq6,3ju80bvxv1tpb
349,7ndc80pzf@nyfo.qynf,u58oc8hkmyuyh,8bn6wnp5buuamu3tf
350,p2ax830m@efb.op,390d82u2,v51ees0d26cdj7f1
351,tymq1@noagb.zfx,g9axcaszoyl,bg1ey749n7v45fd
352,jn3j2h@xarse.hke,i9xxodgqrv9r2,xrayohb00arv
353,vemonp@mmdfa.fn,b2p4yqpw9e,hc7d7jbh1prlkl
354,8i6b62@jzq.lpns,tj3pa7w1i19el,ae8nb1a8uk24ilype
355,zq06g@rup.dsu,a43pmiszy,u56ap23i3bq3l
356,ip1lyzp@eocup.vixx,5r6fe05qpori,dhiugcpvum68
357,xntthw8co@kkyu.zbw,ricxnop2aa5by,v89sbsv9915
358,rr4xo@dmt.ks,in27v9m4qsio,bpfb6knkyk6zkh0m
359,a861k7x07@rtskz.kbru,smei65odq,c4pv65m4curfa7
360,pmf42p0m@kdn.vexv,72g8ykfxgnj,8xoyp5ojrkb7ut1
361,vopg3c29a@gsooo.qzz,xhvhl50jrhk,j3zxr4la3qr2s2v40
362,defazvj@szkyh.kqr,xvr5tp1m,qrupbfguo53z8t
363,amxvljvu@ulbhb.pt,szmqz337iqs5,h6a2hutlqx3pr
364,f3gkj0@wsx.mj,u7uj4876,9fqhq3z4xoe
365,e86rn@uio.pc,w45zvquawezx5,cg9tsfhkjkjikim3
366,y981r@dhcb.lgog,usiol5jq8nl,lh0zf7kf65p
367,pxaxu85bv@stpca.rhlr,07fsn2bf,7t7n95ov3b0o6wa
368,uplulz@wedqj.jfnj,2ftpv8il,dpzjausek93f4
369,cl1qmza@rypge.wz,wr6fniwwuz,qfpha09ds91yr
370,nc8ts@jolx.wso,i0f3bnv64d,we3nazt06q0
371,rjnr8schs@lfcsw.qcii,7r5hogsvd2kt,ezdlb5diyrt
372,nyj30599@zomc.fn,28vuumkvorhhw,ds6viip29pn
373,6esyj@lfeyz.xf,n1zgyaj6ow,51kbyvwp78ebg6fwq
374,owhw4rd87@tzxh.puyg,kor8efzsvd,purv29cewjbuvp6z
375,9n96o4q6@mufe.ow,1xosfsfw3,x0nqwm5xaskq4jrrr
376,w6zz09@hobod.sxkc,kajwf9mee,hdoitgdzcit
377,9g2acqy4@lxx.dv,lojpewb7d,48ilnzp70i09
378,c6ownpj@ktjs.joy,kn6ims5uh,k77s4bacqq2yh39w
379,mxjdu64@awbr.fefx,wcbdydcxmg,k6kfkkv5pog
380,3kbi1i0w@ivzgp.fbc,d9fd9sutbzy,8i7q650p556
381,uvbdh@kiz.qo,ykm0gj03fzp,tjjdb4muwbiyo56c
382,eo6iz7@efxv.day,ldxdtqott50q,fzuieb1jn7i
383,uuj55eyhe@bdv.fwa,ed2kvpvtr,4f9lo3oqdf0do
384,wgh14@rgz.ltio,4prwxbmxu7f0,c1rzqu98eb1
385,nhskn1@bdodo.ujfv,h874y5ek6x88u,0cldvuw553n
386,ni2tb@szf.hdcp,z3rmvz6kiw03,p3ygci490boa2y8
387,u6ao5@xkzh.pje,54qwv86n,nbq5q29hsizr312vq
388,0vgmix@ipwn.wmoq,iumtfz1i,t8xmo02z7l5ur1e7d
389,tz589k@meyg.nmg,768qgdj15a,aoox7mq1ckk1soia
390,4jpzqmzn@zemd.djk,mdiyav2a,wyhet90252udkmrv
391,xoq7e7vz6@cfpkc.szht,16739vr73,r9bhh2xw3sd
392,xxs37eb@xlbe.etj,wydl6c70q3i,ui5lohsjym2
393,8d2rhq@zczl.ldil,nw13uw4e,7oxq0d98oyl0zs
394,4zle6rg@izkjn.ojjq,8lr9sj281,j3nk859ph3smn7g1
395,ywquf0a@xlx.ndq,7zy9etw1x,h75wss4c57238sov1
396,7eese@vtwip.zt,iiflc6jd2oywd,cpq1yujnhuj84h2u
397,rsgfomj7@cctzw.lo,wgodcrfv2q9hj,s2g9nbumdb2pzz
398,qlmuc8@wbl.iiva,8brzimvpr,pw9ahg9bpojks50
399,i0uzrqoan@dnq.mw,o6qmu1ftocm7o,lgp9w97nhf850be
400,8k6l9@acvva.bg,p3j3wptzmskqo,uebz4udjq62dkca
401,j4jhf@dumlm.fpcn,lamhe42h,ghvnkj5e3p7o
402,om7dare@yrau.tq,a3r1u3z6b,whc7bqjpmjo1ma5
403,u730f@lvnq.pm,4pds9m1qyc,1opsqd1q7uw74
404,dygdy@jxegl.dwni,1ebsi7d6xg,1gdpcazig7pvt0j
405,7lx4ymojq@hneae.oq,xlvke4aj37,6k3gd6f0wde00
406,twwhdc@awy.mf,0rs6y9pa8z,ezwp2tqa6kia4
407,rgmhl@amgor.gv,4mi3n39at,iy5p9yiwzjxa1pd
408,bubompfkg@jmy.mltl,pts413pap,wvf7qdohkw1lvkdc
409,u7xoy2uj@pawy.esf,bwsqd29bfof,7pnyyozralmgk1n
410,2h59m@ekiys.kgg,g54goi52,j9tzt6do33z5anb6r
411,qd38jav@poi.px,orfk6f8h,ni0nhbe08rq
412,r6w80dx@yoosx.wb,6lldj4v1gs41t,ridiy58vj9zf
413,fe298c3@lohws.rwr,ynidncgyo,ytq26tihnxh
414,b5z3mcq8d@ohkot.adft,7ag7q3n979ci0,0jmauqz6vaqyb4ur
415,b4lbr4a@tuok.pek,78bt6r35zud0s,rxnbcltksyg5tphy
416,5unhaje@vri.rn,mtftngb3m2m,u1jc7fv1teemkr
417,q7t74@fkkr.kjy,yif5o8yd1,qfv4l7v8adfo
418,bxig77q5a@okqd.gje,ygw36qye,mihtyfcnmsblvoh
419,475es@bbibp.so,6zfalumy4ee2r,froasxrafzhum5b
420,paw3tv@yzi.ol,ytrbxjnugj81i,2n9k95olm8w
421,rn0tjm57@svc.mvq,frkk5jrcctjrc,5dgz9y0z6ycvt
422,tauip3y6r@fiqry.im,yc1bzhxs8mb2,17srvfheku1mnyk
423,6glo37f2@uacpr.wgyu,e8hvj14aqhu,fmtpw9y2i2b
424,q586bjqf@uhq.lvr,mknrlno71,5a3voovespwcs7jf
425,l5qyjzqk@ahhk.vp,mdqegffdvp6,i3zfs9gp719c
426,j1hhcjb@sjcd.vqov,6acfyp90,rb491y20fo8i6byy
427,u4ifu0u@gizz.pwzq,8ei06vxk,jy33fys9m3whsgks
428,lh7fvu@nok.yx,py53sdxgc4j0,lfokc4xscnv
429,qhdmq@tuhoa.uhm,eo9wa3nvv,cbflqusn3z2g
430,ucyegvz@yidx.urfu,y3ilz3a95h,zsnf4mm9rfatf
431,4p38ept6@eziu.pait,jhvyhqqg7,ecbtbcj26xqg4
432,732l1aoej@vwzk.itnr,z5yh17a4j,nykipu4ayahdn
433,x13147s@vvl.fgh,jfwf5z070,lq60t3gd2tg33nhn
434,f0pwr3arz@ilgy.uco,gx2a6x28v16,mzxquujhcpg
435,bd0g2@ehk.xw,ipkfa308,zbss5bwx60phy2y
436,gaxv0g@gsr.nqil,gs00b1lbgyq52,qlcq3uxq7kc4
437,gtu18a@rzk.py,zbbf8ky4ue,u5fq3y4q1ad
438,ik8tjv@ujjbb.lnlf,bcc781f36z3e,d88sp68ybu1b
439,rcw1ihfg@ifz.bfky,wso7scoo5ad,uitzi5d3pywczf
440,cmbkls0dn@eun.gqf,smss93v3uqx,w5c9q3e6rlxhjiv
441,s89i1w@btycd.ou,u08abvh9g1x,hdgvooakcowi41c
442,8q42pbnp@und.km,9k8cq4pgjwfz,ofqdwlkoamxciw
443,2tbvvgj5f@atfek.df,ihx5zcaglpj,7jolf1prte0
444,kjmes3a@cutns.ab,oiiz5fa0jluaz,uj9n1lksewbyxd8xr
445,v1uhxgzh@sbw.rbr,mf6il4oj5,j5giu4jdhr57c
446,m4m0sc@mylbo.ftv,ag5pgu6gren,jm5qs6a22c0g
447,3pshevl3@pblv.eqyd,par9yfb00h,7uh275lon4om
448,o867v@aosc.dkua,macbvtbhv,si7q4qosrs16xo
449,betsx@dflc.vr,y31s4fje92in6,o6ce4ipgx0sr
450,kzgp86pyr@hqcop.jxk,oagmjskgmb,xttpg42vslkp4n
451,bc9il6cml@mxs.xyjy,zrvl6kipdnf,53vxvfzq7mvb2
452,zm45bpfln@uwyvg.cdhq,7qcl4itegbe,n9tqmktgjjbvcy
453,n77uj07@helxt.cful,ksdkkcr3j,iijglfzdjv6y2im3
454,bui3b@xtg.cnq,kd17nz93tej,mnoqg1wqk4rj0
455,q0fdh7klw@imne.vnt,zv6pb8l4u6t7,7paek88enisdotlt
456,czktm4s@guz.cg,rjs40hy2v4b,nls31eie423b
457,jgj7xu3@fgcxq.pcyx,p1f8rnkxge89e,yq5x272bn01x
458,97fqihii@vsqm.bu,0xbvuzlqpm,1zt8me6rhu3uo
459,yu6sck@yqwp.rva,7dby0o9x9uppu,mb6s2uuw7gi
460,eg8i9@qabw.qcou,fb8vaqg7,zktf8qd608q
461,3qfsxf75x@rfcwy.tcj,0vw9j59a8mzz,eyciv8c0e9a4j3h
462,vcdnmcf@gxsg.yxm,aurv7ybt5,200gkzenz92k099bt
463,o440bxtl@xdnbi.hbhv,x22jcby4,gxlq43m4j8jt3s
464,9zy2jls@wcd.vvqe,ltnnb08v0mc19,ysnirifqas2b1do0j
465,n32npkh@ryi.yp,1nzurp7u1,u1b6cfhfdjpxjdd
466,585c7qs@hdysk.timp,7uymyd6ljip6,2rme4237b6h1
467,n0d3bf@olktj.swk,or30hqau,rtx7j2qm0hopl5x
468,awsyet9@jcvp.wli,8jvb0qkz49,q2a2jqn1xd8vt2mla
469,yghzuynyf@ijzyw.xtfk,13f8irkfu,dmfcb87zyoz99c
470,y39z48rg@vzwe.lyf,l6it1umq3h9n,9o38li724h85rj
471,hgjh8@sqbr.qnt,vf1ybdc9,6h4iaqowrpc2r
472,cqtnkqz19@rsonp.dscp,y1ewblmu8,n01f59wy8dk0
473,bxghmnczb@jic.va,z1qaz1ie0bf,psl8dxdzn0b0
474,joyq9pze@zyk.ph,0j931znqx,20g5qkyqlx3
475,byrh9bual@ryq.kat,9qparzgg0vd,tty6k9ethbna
476,trm63b@ulu.psqv,dfva7nv6,ob4tmtemzxykijb8z
477,045dwpjt@uonfk.dlze,vula3wjw7sw,nyn1fpqarw54903
478,y5nbl@fwf.te,e2tcq493,qfl53i3imb04fl
479,wyfgy9ds@vlecj.rfh,05hduyi3wc,7iwuku26qhu5y954
480,g0diz5z@fgh.rg,9qk07lo6uph,d4fux8yemv2kniz
481,akuiruc2h@cmwbi.cf,ge0gsocau,rai7c7w92ul
482,3qpq30q@sru.uzor,eomgpjfx,h8v5vj7jrqu
483,ua7oua@qks.vgf,5cc0jsfv3o3,14q9gmgi9kzi4111
484,g2gc34e@zzee.pcu,srvg72ltsnb4l,c8lbg848ktgu9
485,j6pejos1@ity.qfy,1a1hjcg12,du87k5usn2the4s
486,3xxkh9vb@tvbc.qyl,faelcbi67g,k9hre4xllehhmrv
487,nk2852n@bfzu.awm,b2ge5wutfbsd1,gdz8ubd5gue
488,vt5c0@fdjp.gwro,wkus9odrsbn,q8i2b587w5nozm
489,xez3iy6@cwzlx.fesy,xe5ltr6zh,tfa4z36kmzv7uk
490,6rrl9bht@fcifu.iej,xxgp5xyqsrw3x,9vgdarwpi1py
491,hfeys@pqp.tt,f87iiv9knvd,j633zdvf009ypmlo
492,38z2dxo6a@saf.qke,6cheny38mw26z,0lftjcoje86garq84
493,sy2y6@cewo.od,bhe5bvkxo5q,9afreyxuguuz0q40
494,y8zbo3u3t@yek.cn,vt092q467k,kyt8mb82ea5vynf
495,qvm5kwlf@yto.bmhs,4jugl257il,pd9t092vsq5a9m
496,qruhy@twniy.vkcp,6e76zi5gwkh,7livf0i5gy8p8
497,17k97@pbsa.amp,bls3wc6k35f,fjvpwolmxqiuz8
498,4k2l3557e@kxkw.obpt,cy8aegvbxgdcf,e768qy0hnqii268x
499,zzxe39j4s@jfe.aeqb,0v8vj98m,pbcsrjbhj0ivt
500,vzo9k79w@yzmtn.sovr,ro7ygk5ysbsqd,qzvqaht5l0g5ehnh6
501,mngt7q0f@odv.gbia,m04vd4yuyrkwq,r0w2vjc2wz73p
502,o1ey4@xjdwn.kd,dlntlphs,p7kjqu09j5ia8i
503,pbxp6@wmgv.gl,v23u8yt717d,dp6a6bocsr9
504,kce8hfq@jzqby.auy,tw6omjnbor32j,03w847m7olnm56
505,zqq8i@eljjp.rtmy,wu93fz1p,9u5ozblucvrpu
506,c5lwttd@zhaov.mj,y1jdi4ceadsz1,v0u5melbg0w5hv7y
507,iwt5ijl1y@xcaci.zk,bhk1jjba1m,vfxx8fs0qb3ebf
508,gsqm4@ucax.ho,245jyv68olh,grzkzdbluwl2o9
509,f2aw0n@bcvo.uka,ah6dtox7w6p,q342la1ff0kir
510,oo2epdm6u@obs.re,lai2iitfi,22ccgritbzgd1
511,bd8wp9fo@bagad.axpx,i8wki5g6i,lyxvrsng2u7jbhwb
512,epv1y8d0t@ccfn.jj,d2zh0opmyjj,41olwudy7jj8rm0j3
513,xvwksul@tilm.nv,l1ssxa9o8te,8gctczd0ixag2hnik
514,sb1a6@jqvvh.ma,qlqps4vpb,4gl9d7cdacua8f472
515,cgdfu4tq@jpnr.flhr,nrqd2zvkoll,8uw46qga6rl8264
516,39ror569u@qlr.kkv,a53d175zzazr,4wgeu5pxeynb1
517,r652ma@cntun.gx,ss032mkeyuk,dcop547wak7arl
518,9snxh66nc@setxa.lid,fdhzozaef,drarilg6xecqwclj
519,h7pqzfg@anya.qqde,9eid1zxow,qhs5hgr6expuxc
520,yaemjpmah@nktlo.zdxh,tnrgu26q,gbexode2bbg2l4
521,lt3jiaz@wuy.oaec,qqz2lqbni,06layybha6uo89pt
522,n9prb1v85@ykc.jvx,yr8ht40qoib,rtz504kisij
523,sagqbi4do@jzskc.zw,ptyc2ezb,ycfpbpivp7erwzux
524,mgb4wyom4@vjn.ecl,slyxxgvs,017n1z6e58u39wek
525,o42esh3ga@zywib.mdp,7gjtsokcorih,dqxoet6dw485
526,a8nrs@sfaqq.oaoi,gz78d3d5,nkhsxu6izw06
527,9mepht2@stild.sl,qxdlg45gpnkc1,3ezlbvnkkd4pr8
528,kqpnpf59u@pehn.upbe,ye1tge62ld,6y3ce4hqeemuypdpk
529,rwqw8x85@agsh.oqd,bzb6z593mp5,nq9g5qgpook
530,b5lttrph@rdqto.si,nao9ltjmamw3v,dzn62bocn0cx1a
531,0ugxm9b@fdp.jhlf,e2fdbnb8,ju1k7opapf4
532,hwmvec42v@pwo.eo,5n6fvk479c6,ew45qqmbd62gg
533,hgdxtv@objd.qymn,me25lk9pb92,st6lto1jo73
534,f91d2k@roqvn.du,mu34xmj1mu4q,yslusunvnw2jcmc2
535,kftojmh@ahoxc.ua,q84obqi8x,p56twi2dox6wfa
536,aadb6k0@tdm.wyvl,6jzmse7s5wu20,ujyvq7ii2l40
537,drfjpwn5@rak.csl,1axwiknyx,54a578c39wbpf
538,ntkf2enna@cywr.woin,muvfir06ep,r8r6rr2xs4x90o6tg
539,pn47os15o@owmi.cwjx,wcndds2lp4j,hh02nsa4r8o3x47
540,hfvmu2q@zaj.ch,3fxbptmmj1z,2jtswx23c6n7hw9x
541,yy4qoxo@mlvp.ew,6dlhvy5m5t,ia50ovd6ban71oqk5
542,651m5ie1@tcg.fnex,12yv6j4q9ym,dv4fjrupnbfjig6r
543,eg2fpe@wbwj.pzx,qbqu0zvm4h6mp,ztosu6sucbbj
544,n9v962li@quqd.krk,pfhocoo33wq,kjar669v1j4k6o8
545,o0kiik6@zsgi.moo,y3tsnhfyvuejg,tfm79jqdent8v
546,grhm4qr@hmsxw.gezn,asgz4x2g4wfmd,tra2pon67ah3r4
547,g98lf06@aevc.wr,uubujzbs,jxezkbx3i6mvk4
548,8clunpbos@tfg.uuvj,cg2otkpsnnz,ii3zcnejp4hblj
549,ltcxzkbty@vqlm.zzz,jxb400l8,ldlwnisquavv0
550,szk1o@cvmgg.gpgy,n2q65efawl9,fx0eva5oxque6
551,imxgace8@ziz.ttk,2buo9bmkq6z5e,1ofl8qk8exsfm
552,0r49hj@gvos.nafr,cviolg5cftoz,goh61sropxj598
553,xxz9mw@yrtq.du,yy13ajpv7oy,fguj9ac917awvu
554,o097e6@aefx.wxz,0it8ue21nhtx,onzff4v6urpwniun
555,7dvegw@ewm.rgg,gcoono8j,lx15lvcylnj2tx
556,sqclob@tnei.qlxw,j51pl206mxhv,34nrp1rgdiuylru
557,vn5wskfz@axql.bn,o4c5ifed4nfyo,plludgmoayanmkb
558,5xp4sb@qhk.avv,4u8f8xol,rtb8wigcmun
559,u27kpa77@evgzj.lga,qs4gjjzorecyw,1ykk1mfw8oem20
560,u53z5s@prw.xi,4cji64u2,84196gobt4hu8e
561,nn9wt5vxi@zfsf.xpo,v26qf0byb24s6,62r87e583nghd3tg
562,q2vr96216@inx.af,84losjsq15iw,gl3oh9txuiwa8p76
563,hfi5f0@nvr.pp,e8wq5doz4x,1keuynp9yx0pbxd
564,vrl8h7ia@hgy.bu,if547glqcsd,da6d1me27ej7a6blz
565,yr3chcu@zqxq.lc,qi97ksukd1b,8rbvdl8c1iq5t28
566,lmhij78jb@kcin.fv,i4ehx8zbz,449190fpsmd4c
567,6e0wg7@njfm.fs,nj91p6azgg8wx,fnfw4579hf4
568,batq11sud@tzmhm.inm,81bb2k8yn,mx9cosk3qadkdah
569,h4eanzv@ntwkw.owb,bilhxpd96q9cl,zg825pcnjtn
570,en0h51bm5@hwnva.pqso,6zva7ayv,ox419pcfac3f14
571,ntp1c2w5h@gevn.ua,mwmlr5eci2t3y,ldwwmehkuoexyr
572,7d9prvs7@hcj.zlcn,ee8wwdzby8,w9tpcs0605f1
573,0qbqmqhy@jconr.xvbk,nbhq7dlm,kazjuhotztx0
574,3vyxm3k@elt.ag,09l6vwm4u9j,gytkncfboro7g
575,5h9yl6vh@cazzu.xcu,2r1bo2jz6ay,cpn6qqndtvefc20k
576,9bo4fjhvg@wallq.annl,oot614z5bo,zc3muvnhsl961t
577,4aw0eyknk@hjee.ju,g1ij3e4aa5yab,avz7lzfxtsul
578,x6zv6156@ztnz.du,1pje4vwv12,7rdai9oto8svnqxx
579,gxgja22y@for.bi,yw2xiqr4pyx,5uqznen8snc7
580,sb83r@kmz.goen,k7n6dzkf,v7mebhxrr52f
581,fbhfi@iifyg.lp,56c00g8frqz,quwcdx62uxgt
582,rzq6c@kfjmg.phgv,ou1e2bxqp,xtb4r6yabc1
583,vqqi0p@zuy.vm,gf810c106i59,tant3q1houhli
584,srogj@ewjb.dm,867z7kpfx4ckw,hngxssk5cv26e6
585,yjh4t1w7@uuke.ub,vzx9yw4t7p,d910pguygz6219ix
586,cmgzngw@wtw.sesf,xldsd3r52,e34j33gi9r2yonzdk
587,2z2pf7q@rkha.uuw,bycxehgt7,urzpmy7ekhl573h
588,2xz8fmg@kgaz.ykg,unao6qepz75i,v6nrbdq2cr3ig4lme
589,hch9lxf@lmbd.qmnw,5lpw1raw0s,t4qr8ubfpjd
590,t8yz1wnp@jpa.cc,rczkgd1hygitw,2cpn6jolcry4fl9
591,f4f5ftz@trjxd.kc,vyxf8ismsufh1,i19l73nc84r1o05s8
592,am7yukijp@esipo.uo,olhxxdb9dg8,vlkjg85a3pix3f2m
593,t21bfg0c@tocy.wd,swqdm84rtrge,u5c0uc3677xoxt9
594,xo5fbx@vodk.fc,q26wbaplkvt7l,btm2qqdx049x3
595,l1hrfl4@sufvm.ntdi,1ianid3uz,ijldggto9uo010
596,ojzq97@shqul.sza,3i9n0vr0,eb66mufurgx7t6
597,auf92y@ulz.qctv,sam8kg2qk9xfj,72nsp0gpe9m7cw8
598,pp59qay@pri.xotg,qvxl76d4g9y,amq0xvh7rdrauqf
599,4rkcak@bqxl.ibs,1bs4eqqq6r,q1txvaofdfmpjl
600,hru3qk@cbrpw.coby,w5oij048,a7sv08ldti6w0
601,5vz08n9r@twvb.nsvq,mnnh6ib4,0bbykjm8notqe
602,9z9rvphbw@ujoqu.oelz,gpbjfpyn4m3,7tkv580tl16f8iu
603,yg8yq2@dsaf.hu,13at8ceha,nifxcy44vp7wnqhxv
604,whnfzh@rbl.ddss,5gj2xhetc7r,uw9yz2dllyr
605,w8snopusk@wxsop.oiz,cu2gkwtw,uznkcp377oxpc
606,ryqdg@ridep.hbg,ahpznfrfmk,5avb4z4zlln4rkll
607,1onmo50@ehfn.pgdh,eygewgoe,8958gq77hmv
608,8nt95@mvwv.mu,lvmmnl9rg,ygqvingr2l9seyu5
609,3l638i@yzv.je,egbf4dz0a,jsai2anjg229
610,y72zs@mivsv.xc,k40v1gperbjt6,uqr1rglwma4p7
611,rlif8@botkl.bpd,iubk0yon558,7r2myczwdgg
612,ikug6k9c@rxrp.qrzf,8lkr99h75,hhuwxygbaidac69ue
613,e8yt41@nrx.hsdi,0kkm9vf7xykjf,k459vdsi7g36islyr
614,4c2w7@fneh.fdzm,fenpdvp2pm,oo1yy9dl6fcv9p6
615,sjv18@tzgw.xe,uzpnybry4sz,agypvdf4lfi9uj54
616,5bcic@pesx.milr,vrpz6gpnxjt8m,322iiwups0mma
617,q8edrpy@kfu.ex,dv61fotmk40m,wbornd5s3xz9yuga4
618,0ahzgy@vptg.wntt,ksejho1f1bl6o,0k1kwhnp01yrhbo
619,0imhchgz@fuc.ks,az0sf9siulfwu,8oga9160o9wqxx
620,u6azfyvk@wkyw.wspc,tu5dxmbu,rqzu5drtvgz
621,de5h2h@jfs.jxg,3yxyxbr8,c29jwf98two8
622,i1z7w9@mej.sz,jalf38otoutx,aw4j0pqei5aikhkw
623,eq7qjs0v2@nnwnh.zlyc,cuuamdwa,ufk1cgiyn52eh1tis
624,42vuy9yy@nfu.fjai,2fdkm5td,maqn91e1y88vwz
625,ufb3bfjv@mryge.hydo,kg90xm5i63zqs,eg9t5uroo29b
626,jsifje@gig.cuh,pvheeam4,ik2pb39ybkb
627,cj1rtps@icxil.aii,ywjrokh6t9,9tliw0ff55fq
628,1qx42o98@ohj.ge,nrbcoraxcvkh2,i3qyir2qw4f
629,oe3033cz@onlja.lqeg,6xikkdsb,a5czn8gobsrhpu
630,bychj@ucfrj.fgdv,jr5cacqekrrf,8h9cqe6hnjsh
631,le325f5j@hwjnb.wtxb,m7wl9y9q,il0gc4m096a5cyxb
632,bm550@pey.oqaq,isqf6a6i0wuug,4njcba26df0jeild
633,s7u74st@lleeq.kfgi,k36jimud,po9kgrn4lc77
634,7zfwptg@ijqz.afy,hyw8udk7xzytq,2ystn8g1edkwi2b5t
635,zqizwdd8@lpjo.ag,tlubmtz1bpiez,bytwvper2k49v
636,bkxh2i@vtwy.oxsq,zi5vnxr8fojrt,dfg7nq12nda
637,m8ur4@gkliv.jfg,c6dsw5by4hwz,7d22p69r55v8
638,0l4lq@rvzf.hnsj,edwuihy29dm0,s6f3r57zpg360
639,7p50uo@bbepc.quei,4bjgf6dighr,hds6jg7q85zjt4te
640,1csufct@uomdf.cou,swvocyc5d,240zno58l352
641,ob5gxce@btpua.ugz,c75rxb9s93,h9cxk168ohq
642,7bc9taa@xnxf.mt,kpmw6jjmoq,rl8drt75099
643,mznd01@hsdeh.qtzy,dd1hfp6fe,xi49wqey91teqi
644,hpaid2j0m@aswpy.uwu,95eu3lv9v2,cebop4ah2wi3brwe
645,88jvp@qlkg.ia,dke6nc5bo8,reuymd5huh2bqt
646,0m78mq6@gtm.kn,5oshwavozlz2z,87j9c5x26qkufoh
647,xh8sxc@tvkv.con,ws2xvpwqvn,l1w41ws5jz26e8f
648,1onimvjy@evvs.qf,6inn9s7c6d,ibsj20nh71dvj3lts
649,xkwvy@asgqp.si,3183fjhto,zf2rtlzht0moo
650,jrm6kh@adhur.vi,o949lc56m,9a28ha2qwst9e50f
651,ruby8cvwy@tcdiq.md,8zeu49c9paq,esfmzx6gng7n
652,ve58uc7x@jomk.ki,zmxj4poznx5,ar036owr9ydhlvgf3
653,6f867o@lmvhv.slr,5kn59orlu4,g4cuy5wvou2
654,tmjb19oq@jui.tcip,fccuabe4rsrl4,ubem4nbm2fjjxj2l5
655,dfkm2vin2@bbr.gsl,i5w1b0x47,cph9td80szr502a
656,i137vf8@elxdr.pxxu,tsqvmw1jxyh,442erqunvfd5t
657,zph068mai@vkzcn.yrn,psub6jerucw7,zo4mo3fe0w2aqjf2
658,ubmwny@yyuzz.mx,6y4elqubz7,c344xd65760kvd6ze
659,u084j@ipy.ze,1b443zz1clh,raznxcv1a6rmnbe
660,s20vkw0@jujoi.fmiv,nks7owu9qgyb,nkvzmidya0nn5e6
661,6eu2yarw@elmy.ah,oqj21bsfody5i,vo4scbu0xntybf5
662,hwbgxu@sdpd.wr,dkcqf1aakrn,41krt2y7ntxvmgd0
663,vdqhpp@oms.pk,wg5x3o3eqgk,lbwg8zdaqmxwzj
664,6e88v@wofae.yxzu,olmxgc44,2etz7nifuvssx06mb
665,vlou2a@cqbl.ggch,2f0vxldwky,fdgxek5unoib062f4
666,zmvq92u@yrnt.ed,bdiawq50bz,s4e1ihhtmfvk
667,1cogbc288@qgr.gock,bz1gnkjycby,xfzzglgbyt27
668,u3hdcyw@dapbj.eag,thcm9k1z4h6mq,4ophblyipig2fi
669,c4b9ef3zx@mfb.rtbr,81plduelg,0lniqn4hec7c2o
670,3m79e@taxu.vk,35tnifhzdups,bh8kqqp3tik60
671,pgg6n6@igqp.sm,8bc3q070,wjymbso7cph
672,h0f2x7@dtcw.vjt,4xspml0wk,ku657w0bgk8pyt86
673,oribw@xvye.wjby,14x61e1qexvh,k9rhp98rf3ppv8aot
674,d9xx7d@ukpks.hsrt,b3pu9oierbve,kxgcuuuqf42qtqd7o
675,lvsnko@yzx.pm,dq08hjde0b,xt151etkqm3
676,niel5@znlb.obt,3gg5610qsa,rthnxwc6i27cuxt
677,oux65w@mrvn.aru,og0cfmepjn,qsr7cejywrlvb
678,l1o7gk4m0@nldmb.ni,ti4ztr0u452z,eaksw64jbrzb
679,s2kgt2llf@lbrm.jhv,d2gn6etf,uabpmlmjm5v62542
680,ccwwhy@umhke.as,xojy7tgbhplf,yjf2eq29hwzb2g
681,6qnxm0ry6@wfy.dgx,xdgu18y66m2,pychjo5glyyxerht
682,hz7c9@txqmd.jyc,iat8idws,qqid2eh3o8dqfjr1
683,1yi0gp91g@emd.jgga,ijabvhhlr44,g39dp44x88b
684,k325nsb6@rvc.fb,uz7r5zuqsci,u0snaqgafjq8dq
685,w6wtgc@fqv.zlqp,g0bt7qm5,odmiwxk8rp4ijxp
686,cyk2j@mgbrv.bjvs,m37066rqho,f95rxhky1fm4
687,aynddymj7@jbu.vhvu,v25it6pa1,t6xf3b2tpzs
688,g0uva1bd@lxg.ydks,27s03vrb,rm69mql9zay
689,0dti0aej@qfnmb.fayq,58ytp2jmz,73po9b9ismtem0
690,idtpyi6p@rban.nsbl,ef11fvvb7yzkt,x5ze83ctv5ryib
691,fwvgaj@oqcre.gss,mmp1agjsm,5aho8t3kv90dest
692,dtkio@suq.dl,cl26ypjnnx,mfpssyp1tz8k
693,5p44z2n@cgtbr.aou,cj3pogomjvj,6o8kfncsucnqsbv
694,wrryie3h@xec.cyv,f0vsqxoj1ulmk,p3x2uomkoqs8fwn
695,uxk4a@dhwqe.cbz,5en0zrt35,k456yp9ajsyw3b20y
696,5fl7r5lec@yogte.ebb,4y057m33r,24ihqc0cbhl91l4cb
697,39vqwohij@bho.eodf,8noygnbeg2dm,ikzl9opj2uj
698,mdhb7kwu@vgi.edd,zfdiwd7ecnu,t68b15l01e8r0v
699,rm3jjye8@gqj.aeaj,2kxlih0d20,4szhydfdjtcwiqm2
700,v20rzvh@tdlug.dqmj,ox0r418qzqz,bdqtp1i8brw8t
701,cpojyt@ccfp.qc,9ihcdmcphflk,mtsx65r6l34iyeek
702,f18w1pe5t@myf.diu,f15hiu98v4mz1,neaz080hizi5v7suo
703,4vt9gnbla@wngqv.ta,fk8oudnnzg,p8msk9vokmhrfyx
704,d4br2f2q@rekyj.yks,2zaebomwq,n3417t9pgib2
705,smyqvu@ltash.dv,64dy91fqzeuo,078k7851mfyfh7c6
706,1920xvcn@dgxes.thm,iai30vjm7ct,vj1ey87c79si
707,jt3xu@kon.pscy,oo07ynuny,wetpvcmq8kfiqn
708,zlmmmx@vmh.xtaw,emj8zpvijz,sw9i8p23fsiy9ync
709,z3blck1@eeao.asmj,8vlpe0l3uch,6pea4k9fvnsf6u
710,a6h6z@ndmc.vsjh,smc5mq9ghap,137lrhq5k4e515
711,bar10f36@cpbl.dke,42lzih2y,nzur8n4y4lcy60
712,3izvwaw0p@zntd.jg,tq6a2yk0ns4sm,pwl1x9y7g46z4rp
713,h9u9djl@fchvc.pbz,pqboyvke,f8daq6l4b4ytb8
714,kfexnw@tfh.ak,jt891oc8,jec7d6gq0a3nz5q
715,fc8jb@iaz.xox,5veb8cdk97w,jo174zk94gwveb
716,tsecof@abvw.zzkn,1fcpug0iz7g,hytuz11jhsua7
717,xpri99q6@hntat.kyqs,wvqz4vmlcoct,hcrh6n5jrqwex
718,xx15gdl@uuo.kc,up4ujopdw,sema3gywrso
719,gx1szd@pab.nkp,9e4jthxyles7,eqh92i198c7gzunr
720,yrbu6e@afh.gf,h88yfcf98z,dahri7yfzucvc6
721,h6rqsj@dto.mopx,hb6s32rrc,njf4qxp8w8ote
722,oq68cl@wji.rzwa,tnfxz7bxhav,02bbv2l14li
723,43jht@zbyp.sste,pbw7fgax2dy,1c53h8mb7qp16
724,4i74c@aqtg.ipc,zs9w31kl9f9,n5ftp8h21idfmcx1a
725,rbou7e1tt@ufdnf.dfb,ljrty2gh,yx8qgtq0p7fehpvyg
726,wmtudd@fuyf.utp,yq8iufy5khag8,p3bgxbbjuogihlx
727,h0s1xfw@jkxn.aej,zu35l7pf,hvqf1afqazn
728,azsflh@ntya.tz,yerkhbyg2g,ekola3oc5w14
729,ysg2yb@jfea.ps,ycof48hyvd4,1798qhhl9sq
730,mzclijz@jpke.lpin,mt6cu27rz,g96lez876exg5
731,nnaqdo6rt@zrbb.gsoc,u9l1o407x,qku4gpnu3k6
732,evnd6jfij@oto.gq,rvfqfue4b71eo,cgq78e49tsbpp4z
733,j98xja8@dzxoi.tb,dmcmedou8t0,sfqwig84qtumldak
734,iqtjb2j@jhl.rw,csbevkxv4,ml5r3exin6adr2
735,i5z4ja8nx@plh.gy,0o79zywotj8i,vkt9xla68apq47
736,bz7bkvs@pmw.yitd,wn2ayw8in36,ukejo34pxp1
737,tyjab0wf@jfuv.wwci,86wjn8m993ze,zzt7xpyqimam
738,4653d@xjub.lsz,1nd1myjcj2faa,vqhzlyn10bk3c7
739,rq63a3m@cbawa.vsa,xvk8dobn,hx0pqlt72xsfvfevb
740,3lwcrths@ygyzg.mq,bd2rzb50,dejorz9hvts
741,d9o479w@eyo.tis,ctejv0kj9vrs,6phdy22621zegje7
742,tj2wli0@fdjs.znp,f0z6x54gk540o,ceg4len9bxxh0ofm
743,radgg0@xxuqr.ftq,gyx6gujee942,hrqp4nf35nc6oryj
744,zrcmj6rn3@nqtgh.kcur,fvbcrifwwss,y1vn3onu3k6
745,gt0zbi@sudos.dzua,dfpk49l51,umkpb8o2a404k
746,i7zv8yp@klqn.aehl,atgu0zwzj,874be6ar9s3f
747,w4gijpr@icutz.rv,tpy3aa27i4,1ge95sj3e7vxofe8m
748,h6k7v@qvs.rf,18v1vong,w9n2wfktgxo
749,ut1fiqf@oclr.sm,07v25egqb6,u9x298rra6h
750,o4ozlmnpq@lkbdi.bok,74xdmo1wzq8,9ysuerh1ghcjf64
751,a42e2ul@aynu.xbzn,tca541t7ej8,1vfql7v3v76
752,04hhkaln@pwvio.cb,lx6jnukh,g02ka1134quu
753,jniunaypj@tmdy.px,twco4ntcwrek,fq7v8wyt1p0lplfgf
754,atu9ofn29@srgx.jt,fy2wc8021d3b8,sx0banf6mw2vsrc
755,cgvrlqm@jwaj.emfc,332qac7k,33jef324nyicib5h
756,5nc3gwhaq@bcv.baeb,vrxlx4z50bf1,o6s7hbo90eon
757,am7b00oe@smb.ddjb,86ctdwtr,6eb6jk2q4716y
758,p056j6@yon.dd,vedvjbi1,yep3cw3pihef11
759,j6s0nk6co@rfoq.hnxz,q6s9p63u,gow7m0hisqtszy1hm
760,holle@rcea.ear,bd3kyr2xs4gf,eep9jqs9u4s1r1
761,wu5qkvmev@gdtjq.hkwu,geb998uzcih58,9pyvjk0rg1595
762,wqoxurbi5@wvx.usq,ub0b1a1p9cpp,5owuyn8hned38s
763,8zv9wps9d@qvdg.mp,rhbsoufqe9,jgjacmlwwgcg5t
764,t26gv8e@wpt.dakt,nhzttt64z81,n7rikaieqvbb0s
765,83ct5@ejm.ypoo,v1ty0y5x4v,3pd0gmqv4hunjkf
766,pnxzxxzze@gsuy.xfoa,t07cz7gupo1,92bv7k6yvpjrhc8nd
767,nx221ig@vdak.dj,psuiw9lbe4,7537vsmfuaxs
768,fbb53vh@ryn.cey,ktpfa94k,q19ypo3hdxt63
769,86vn1rd@tseit.qc,4u1zu1c1wdu,rfjizj55lbh
770,a1iby175@uzmx.zde,uvtkpggrqonq,b615ekq2zwi82
771,eju5rmoln@surar.eu,zy7nx0iga3,pg2jm39gcod
772,jn08ea@wbxog.jk,h033c7yw8c,ido979zk19rrqts98
773,n2out@rqce.chbc,ancasidxqt,8cjnqgyu532ziph
774,aiioeh6z@xetw.hw,cgvmugvq3,o37vlsks33v
775,kvkifs@brmg.akf,98g52nv36,tn03wmgc5nu3z
776,6x4kti0cv@ghgv.to,o3blzzfv7bpk,h9v7sswc0poq
777,ed3fxe5e@qikwe.mtdf,t7l917xucgt,a0jg0b63zcr
778,g7n08fe@lbsag.ruh,gnsgq06v1mlif,t5crl21oslae2j
779,aptze7rhy@fyfxd.gwix,ba4joiw13pdnr,8o8lj1gaxuek91ok
780,oj1d7qc9m@vqpe.zlk,qcp3jlrbpx,bhhqsfdydng0603
781,oe7xd3@qcjnn.fyrm,lmbmkiszxgsq,tgr1yjsdgdp
782,39tpki@xwz.tjk,ce95k4ed,a0ywbvtwvuwuz
783,y17uehqp@btkhg.mapz,l1rvt6ifnnc,uiyvdwd8mrereab
784,lekrt@lqxyb.dbd,902kqssvnsu6,hapau85p9wf95iks
785,r5j5y@fizrw.noc,a7x8uctv,v3zymb01x4t7yd3t
786,r0f965@ootz.iih,jhzis4xeg6u,5plwfkuxgbn4bjay
787,2nami2b@lcv.plct,2tdp5f8mves,7llzym0c82fq
788,ct768a@rycrr.qz,egnss8rc8k,h2jl6ulsscu
789,9tirgdqjz@jpiv.hv,5tizyz7gjd9y,jbf69jcnzyg
790,mpodu@jmmho.toa,9o5t4qlh777g9,p3tinggqfqihplof1
791,r7twx2j@scqg.imyd,vdimcei615w5z,gmhezomxjnkjcbns5
792,s5e16@mtnh.mdno,jms4wau25vh,6xg2lxy78fq8
793,e0mp4@xcgbx.oub,sbtsg3wechujo,bkxil49q1rh7xe7c
794,3rypk@gio.oyu,4vi534vz,ug59ay5x4klnjqio
795,yiiabl9sv@vqvc.wov,cteyzvo8ehgf,b8wdzru20rne8
796,xja0t@qhnog.jetn,62rew7mufg,qla8jaeqa05
797,b1kdio26g@fuqn.bwiy,lxawcsi12vfq,mssva7mqpqb
798,etc8t7@sexpf.awt,yprtks0i0i,m1k05j10zutk
799,9vt1wks@zvgf.rlw,ac3hrqk9s,lpby8gd1oll0l
800,icq2yfi@mpkd.wbzz,zku92ntw9,a2gt0hk209jv
801,mn0ied@fqyg.eoqj,ucc0fu49,2hqr01v0zdkj89t
802,xxhizq@cqlh.svz,2niiynls,ovnb4j3b45y8mu
803,5f7hk3od2@hya.vi,j1b8rkm2qr5m1,y1e1c2305yee4ex
804,alqgifvc@sro.xfku,7saz6rl8o9oh,kzjeow66va6
805,43xzf@fiug.jvbd,9l3thgy2x1cht,w3srhe9c1frfrzx
806,hwbf8o@vhe.nfxm,xlf30cab50l,b2fzzx4zielq6
807,zu8h3b@sxwgd.cfch,4vpddux15t,qt29v0a2y2za
808,6bwco@mlu.pzhi,qkc4rrdgci9k8,d0qck8ale675v0ve
809,21kbgg00f@bvv.pz,8jhqnbh3,aolt55dtud4xerg6d
810,qxt61hnf@dvr.bhp,dl4j43zh7,pph4c9ereucuskpl
811,e5mly@rjon.vzh,3qjvcimzcc,mp6ktup85vvv7zd5
812,v8umyis6@qbg.fhq,7pac5bg99,9z3obk8pav4q
813,5m12xf@qgs.uo,gkfiao97,4l810mkamwgoytsh
814,tn0748sx@qkt.fq,z3genndf,ys7agot69in7k
815,iec1w@gyg.zu,tta28fxp,jo0si0qjae4wbdjc
816,hwkfuwt2@gozdy.fw,lq8raz73a77qy,uuvungafgkn8j
817,mxaglhk9@mnem.eoot,q80gtgug0rfa6,xv2gsy0btfmmomt6
818,tvpepb@rpj.hzua,th3isvo8ejj,87roumd583m2h7
819,r4u8n@arl.wwrq,nxz8vouc,niol11h7zeo
820,4da0n491@unghn.ar,py78nniwenyn,zu7rvsdbhks3c
821,2n2bwa@cap.qner,k629nppb,w24laumo8yf3b
822,m5q04b2@qflnn.etdj,4mcqryo7,7x42c8jjnlkn
823,9v9kb@krsoh.yqkx,aidwgksk9ft,tc1lkgm82na5y6wu0
824,tzwg7k@djst.lhhi,z7ra24aizogy8,stqi4lel81mh5wd
825,v93oi54r@dxrby.pl,4ajn959j,dnsoidzb8o8zr5o4s
826,9lcl39br@gfv.vnh,y1yloymn,aqyrmencqjvs6q93d
827,wxa23x6m6@cvr.hay,xbmawbk6j,l3nlnufkek2d
828,2xgbwp@jpmqa.il,uedu3msx,4rlmenlbrkem
829,nubgpohx3@kmu.jm,i2k6fk97y7y,6fwsfdaali2ols
830,u5z0wh@htn.cst,vn1ktdqy52,b14rkk5pkxotg
831,ovozflo78@lbzi.hqtc,cj9ulfjp,a3h74qx872tmc
832,cjooiik4@pmtq.bb,27ir7q3m5jze,6qxn0fm3g1li0ie
833,i5ifzfe46@vpr.pcdr,0m6fgu7y,fdoqbfci97aqo
834,e7r4m8iq@fwd.tl,tt48u1g3qrd,ackata485yl
835,13aru9zdm@sgi.nq,yjamz6gc,fzetql65bvl1c0haa
836,apoacu@ynbzw.ioow,2i2l00q6cg,xjbpgz6xtcj8x
837,wippd54d@kio.pjtv,wzqxy945ws,tgmsn43ltp3aw35p0
838,v590rz@jsoou.bnlo,0f92nqcrk3qg,zhgbvh6oscwup
839,1p5cil@sbvh.luw,tjje9j5uhdhhg,cuwtkwiph8gr
840,s559fspdt@gycf.vvgw,3ul0nsek2,rxxtqgpuaf89d78
841,w22vs671@imqyk.obm,yc17jau3g9fqs,o4dadgtuqnqjfv0
842,uj1uov5s7@bdwnc.jng,zetiuqxz46,t0g9orxxxno
843,2v82q@jmyp.fimp,29m4oeeaugs,yx0e3yu62ilekfc
844,i0e6z@xicq.kcqg,kt2gzl4ewsi9,cxft9e6n66qhu6tf
845,76wcxah3@nwnh.sn,u5rfkusrd,g2mb7mbjlaosf
846,ib6jto9@skrc.mbxn,sc2ydgk0ys,skokkm8iflkw
847,q2s6npv1@bptes.vppc,eh1fcqq9yemno,ffab87nfkq3wd
848,sbv0kmh9@zfzy.qfpy,pxfxhgfu,9vtw8foyqwaep2dy
849,4xkeenp3r@ahbjf.gci,o3tm68fwt,gy81htkghty0
850,90jav7lii@sre.mo,e1emkqe7,hcvtlcsrlbruvz
851,tbq37a@upfc.bvnm,2ng3lhpe38,d6s7p2rasyh3ajjaa
852,8ja78@xpaku.uoh,y75ldbqvs,z3rb014b9f14hicrs
853,jxtel2a2e@dadtv.zy,q42eigf1,qvavhg2y080ut0r2q
854,39fmu@njc.xxes,erywlinyr,hzvj7bul5fjr
855,kwkbkhpd@ynf.huc,4etla5xhhrd,opk0kk40bcjbw
856,ovmi9@czgc.mz,sihyrsty50x2h,td365rumdmikzwoae
857,5utqtip5@rpuzq.scm,7ztr2wgq,tgnzgoua6mtx2vjw
858,457rryxt@kjlrm.swsk,739agns5q7y,fr9ydnutzria
859,ndgfrm3sr@gttve.dkta,sy9lxis2,um050hicfjhn2vh
860,66asi@synn.eh,cn1m4aet68r7n,0nmq1lidw0v1mo
861,q11rf@bqwgw.nsoq,6v3iu7hs,huzef9g1bdsirup
862,ighx0ewj@uvv.zrqk,6o3ixc6cn,sljwe03kyf6687op1
863,xl0uvxrk@sxut.shjf,gdpci00rw0k,7y773kkbiq4
864,gsmdpvut8@cwaat.vsvo,c4sveqvqg2nl,xqif4ohvxat
865,4kflz@lef.zeg,sn1nokuqccz,9si45gqk5ye5
866,wacjun6@rghc.nia,j3irk5ucyc,oeo01dd9esoaw86w
867,fvbyvg8@iqsrd.rcqt,07onxqc1m,y03wohqehtv4k
868,26uk4f@pfbbu.he,wr6034bfqhiy,q31io3anuwjaoxp
869,erkvep@yphq.mobh,t50bj7wy9,jdbb1f0f3p6kz5d
870,os9enmdj2@gfrp.wxnl,v37dcpt99f,me76zr3thmdgun
871,1zoll8kj@ade.gi,wdbsj1sdm,pvv70wdo0awesx7e
872,axstnv9n@bnnr.rdtg,qovleswp,spb2xntnsljzw2esg
873,mppq72247@dlh.oqv,ao8hrfk0mryvm,fg2rffnl3r6s
874,2lwhxi@okpu.cmsv,pqjf4v25,n41ld5wqhrln
875,r177i4gc@cgg.he,fczhe2u7h,o0bcgkg499ij
876,8lqozd@pamoa.qxi,r5h82ilve,eodl6ix8g0ux7kza0
877,35fwvn@luxd.ybui,qhfed1zy,zega97qpfirk
878,8quen@iqvzr.yh,i5p3orzbgb0yp,1mxa42pxg5p9f
879,e0m8k6@ifgj.xfe,1xg4uonawm,yb51u6y87n9i2ta
880,bg90tjlku@mdg.rfj,3x5yyw304,10z79qzxgbv2bjwxh
881,mi0kvsiu@dpmjc.fzcm,j2se1laswr6h6,6tqh7gf7yq9djy
882,tc5xvp@vws.knq,x037aj0f,r9hyjl1n2cbxz2
883,pmngc38@olb.xt,8ii5e3i4c6p,dcc84unzewdnj2bn
884,ts947@hppky.tp,uoxzd4bfsn,bkvu82tglsax
885,b1zk7@uvoa.lb,lo39wq3wk75r,ankg8lwjxh2bdxhc
886,d33h8th@barac.wuqd,7nd7jcg8k5,f2p4lq8vdfttpy7
887,havw18c@cdc.goj,knmr7l0uxezo,81g09jd197scn92
888,9145lw@qdsm.ifrk,ju67lrr9uzn,0elyuhrtzk72tgl1d
889,lkcwfb3@wacba.pz,b6305np1a3g,zgoseyfrof3
890,c7jpls@zsfhw.mf,r5jszfp7j151u,1lod08fobae
891,v02va@vzxi.iy,8wcdpjmx,vnwcns10rlbwjdm
892,wmuvg@bgg.nh,44571nftk,pbg841pcqe40w0
893,g8zjokxx@lfo.fgf,3fe8z58k9t0,ggy0fpjvty8esr4n8
894,5d2flqwrw@ggav.uaf,6qnbv5k8bmkd,ulfok4wom2j
895,5csaj@tqqgz.qwrp,3m1biawuu,oaa3j43vwpw172dt
896,lhh791@msba.iglv,9nufusz4av,mv5l552by4vryb
897,qe8f4d@mvf.yp,uw50ub3s,0b5gwvhj0ou6nkx
898,451ly40pk@xbkaq.zhwc,j1b6mm3yhj,6l682e0bn58czlz
899,8y7f2psj@mctzf.kte,hu4fa6f9a,i16y1411ysa61mq
900,su1zjckew@lobgh.lp,h0a2ru0n20g,q5tnlaxr8zjk8a
901,pyj1rk@pdukp.hn,e82fitkqbmubq,su2l7uokzpr0l5
902,dwuorvnz@eytnj.zymu,wvfpvs8auhg70,80yzmzeo6xau
903,hvsvx@pvl.nj,7bc7x2mlfpjnz,mvi02wz9jwmb82r
904,meld9u316@vyk.cqzm,1dtdsrynz7rw,64gmmwjzxtefky
905,bifwit@mrm.br,83nk95zegs,3drt6dbzn6ky
906,eopn30fd@uabu.jkk,jthip69y,p2oz4qpy876s9
907,i3ctlke@hnsb.cmfx,gxhtackderhx,joqf8emclhztgwh
908,n3l6zm@kcjhc.ptq,22jhn89v09,n67epd249hjrs7b8b
909,8dtvi@rey.tek,fn4qgd4i6gu2,mq6p1shnlv0
910,04eur1vda@fwl.wh,2n2nsynxb6iz,qia8kpf79305pm3m
911,t24f58rt@frets.sb,kspre3wf15gmp,7lg1n7lpzz7t
912,0igbv8g25@jghl.yzl,4fc0sg6hki,djc1744cg531u7l
913,ah2pcr@lyw.if,hwg7scyx2,9hdwu9eh0elpla
914,er78pu52@ttn.zi,ugk58zr8b7y,dp1bvdnxbjh41
915,xglxrz7@ojo.jijp,q7wejnhbpz8qz,hpsxchrf2nsvddvs
916,2w9ot@ckl.wcvw,t1pcuriw,ly1jikizl79qr2k
917,sh5ne4x6@rrjc.col,l75dk57y6l26v,xvobllptos8end
918,sub2wqfy@xyen.duy,2nwmoq15,sjbrye7mn7av640s
919,dkxkby6@qki.hae,c57x99kld,k7scbzkrt28w
920,x9e7hs27k@wrvv.rop,hfv047nkf,i1nf8m4y4shm5q
921,bqez2wrn@lipa.bzuz,ix4xinbpn8,3u90n6z4dnr5
922,v9yt0wsc@byz.if,vq7a970e4huj8,eyohb7wdsxspt
923,nklao87@ooybi.grga,colh43snxg,n455j0vhe62j748uq
924,luniz@ataca.cx,ixgq7uh9p7,qei73vxw86kes
925,k9e9n6rq@sklpr.py,vq9y2zsdd0,m55s3qlm55wc45i9g
926,cpsmtu85@pki.plrk,72fpdge1,n1lfg8qtulz7u
927,pjwqo0@zleha.cakm,ap37ci35gf,ac575mf12rku0
928,byvzau9@ints.wzs,24sv8rykbit7q,vno0zbmufamy
929,jwctb6xe6@pfgjz.sr,v47y3rqw92s6v,b5tnesoa2gd
930,yxiid7p@cyi.vq,n3sbseqnwaug,40aekpqlk596xld
931,8biohr8c@rykq.xqci,0entwt0i,rcr8zxlvvsk1xkh
932,govga2@wrv.mp,n3hk3w3ssl,1fxtm5641er
933,w1ek7k@jtqs.bn,ft5b8fod3,8yj9z4kp4zq
934,j04q5f@cah.zmol,uxyjng6xcyf,btbti0pmj2gw1
935,ybb0o16z@mdxu.js,hemrm2l31nbf6,p0g1tz6i6mndabjju
936,2h9wq5bo@gpgn.mjhu,249au1ijys4,fkum0hqdkgqumh
937,tiqzgj@zxw.dsd,ia21o75yfq,zysfxcmiq33
938,4h5ypall@vwg.ab,pnhxn1ru,3lh75uxjhxu
939,quytd@srrwu.xzga,8e9xzz3u,x5ukubxxuw8q
940,61ay65lk@csnk.hst,8vxcuc7q,6igd6qswylrkoej
941,edm5whv@jsui.psrn,sjvrfgify98,r05bxkpo9v4cy
942,fy9tlswr9@onh.klal,stp0sc72,nqtevfxmlrnyj7s
943,nd8mpp@lcn.zzpt,vmss6kt09emcl,0783lk2ija7wgi3bw
944,yfl3tq@irpmo.daf,9dvfc2v8v7ld5,vx2w86klnezxakrso
945,o5jvjlug@prnez.upl,xbip7shhbjov7,39haofnvfrtvjfojw
946,3tcugq@ryv.ory,wy1gah8bd,ju4vyhqqbnz
947,s7pcc@yppj.od,3dzxunt120,qb50slw0irs64n
948,mf3ke@epv.lmzs,fog17g3l,rfrnw4vesbce
949,vpv55w@fmgbe.sw,c3e7mza9ymies,2zg3eazrvt2mq
950,x77bdl80@bql.sqpm,bcku85dq,8gvrodnc4gtckd42l
951,9l2p5r@fan.je,3a04wax0k,oof69km47ck8q
952,pmld189g@vduza.ft,mrhk2h6545sd,bhkxglczcp3cxagt
953,e10q28h@baawe.flh,ndhg44mopa,9v68ixfjwa6we9
954,7euboyh5s@frkb.pwk,n37inx506wua,1zzfld690vesz
955,d48plb@wssw.iq,8u9veoxq,1w2qshigcpr1
956,hb6lqlg@uzz.nnsj,gzk73dlpftk,7qh5o5dwnytlz
957,ix88678@sev.ehd,3ezrmu4v5,tcrhy39jexwbok
958,mqhlku@kkbui.cn,58w04ht7i9phy,tq0gcn6lx8kst667w
959,sicwrgk@ehhds.cn,hx4z79hcrkt,lhd1dpkkfxohei31d
960,xfja8a@ncbjv.eccp,76nbgabel3,t8mljuk1yf03m1rnt
961,iow2we1d0@bgc.ezo,2nojh759,4tfdtzqzq1bjl
962,76nkcn@yhe.mfwf,2y8uhbfgjyv2,potr2uzrejruv2wns
963,mpyw8m@qyihf.efgt,9mku8awaha4,0elr7nvnoflr
964,m0u6c@pkb.hihz,lcocxtsc1u,b6ia7du6g1hsplhf
965,go2bq@nev.mi,y48z03vdr6,un4d9tquutoq
966,znq4wsnb4@xvjbe.jrmb,6d3t1kha,ltoxnfyjnme4kts3
967,3orkbn@ydv.luzn,878ihbbg,63lmjuggo21r5t
968,t8767@yyedt.ixpg,w7ht0x5u1ugd0,tdy7dosbnqyt
969,auzz6j7im@mhl.ldyn,4fm8jdyc66d10,px8u7s9r3p1c12
970,66f3jz2tp@ayj.ifov,v8knyzklgrfvw,z5w9dzm1pmt
971,k8gttg2kz@oud.mi,raqeiouzve,2vbk79yg2sa682j
972,uo14tt9w6@sgsa.fk,cpz15xtd1,lrriy20vikio
973,3gmrjgy@pqb.tkb,0z2lrhhm4eg,9xueelt9pkytodzt
974,9wlr1uwuq@oswe.ywzc,x1ilx7kf33cg,zmk540sny70npw8
975,mrrgfih@eks.da,9uyqhnh4900o9,bvztpq583my5
976,yo8qy8@nzi.yuc,kgbzr8bg0jhw,gby9ymfdhmz014
977,ml5jbx@nunpe.nww,o7zavuj8r,b6wre2xt37n3u
978,q2iwikf@lko.yde,8yxic70xws01d,5ni3t3d8x9zz3
979,oza35nt@ptv.tfdq,a0p69ikcyzg,kk2rzh9e8l4xdr8e
980,0lsn5@phc.qu,4pzqat7u87e6,fyl8aif9s4b
981,r9swxi@tkj.apy,ltxoe37v4s4h,exsimbu3vab9wn
982,q7odi1@vbsj.jnr,rlga3rkktd,d09mvqzcg6m
983,1vpwbclfj@dar.kxlz,xuoa2krjrd4h,zuflj8wu2f8m4zz
984,3sz6yy@uqcvs.tbx,w98fj7zoqc2wc,650t4nmns96
985,y0edj@iay.sye,5t871nojr,sfzm5p5ntpbpvwrn
986,stkudk@ybsw.dm,o627zh85,tb4yybylzpvf8z5u
987,9rcs7a2t@gun.cexy,hzusm3ul7r3l9,op617zbudfclj
988,a02b9h@lwyn.hww,y4yrav1j,tkv16y8ai0mj
989,aggs5aa@kzttr.ar,9dubmclikc3,kp3qndl3kufohjgv
990,s28wc1@etq.vv,9tkwzdm2bhjbg,ktgt5ovzgkx
991,rx69zu5@kvhy.cczp,5kis8nwla0k,rb4ik7629t9qbdsva
992,qb3jp6gv@usklj.wcpg,00g6cqwz,s8icn0iwg603df6br
993,py4up358@kxxuq.yc,2tkz3ju6,0ljda67fhx6ulk5to
994,kyjaa@qjx.cfvn,isq5x2q41,6dyzdk0ekvhlbdvo3
995,dyha3hh@dwvg.dux,u4rzggf5,aip7p8d08hc3
996,tb97a@zurzv.tza,kut1jwovgqiq9,tbw2kzhsah9ir
997,y5efn@jeh.vn,yi3r6z6rvis8d,1hxmhwbk154vwf
998,3gi3hbn@fdki.ds,heubguc2zc,5y9m2xfk14pf56
999,axi0k3w8s@unqpj.ncs,gudq8gnzvk,2b9mvxo8v7w3j8mh
1000,boopbu@ailg.zv,kdh3rgdz,cxx9wuebu399et5k
1001,68nndn@hgqoe.mf,qcvar93w8bamd,611b0to3x7smrg
1002,jttpvl2by@aeahr.ckia,fz872m3nbe5,pcevv3dipg05qa6a6
1003,yq73z5fv@okifr.hgaw,463pjw2nw4z,rpj9423au3nh28b
1004,fdm0psq7@cee.ir,3sq6v3q2dx,p1wvcqdwis8hi
1005,l31mwy@rnutq.jy,d4uk2aws,dlkvgw5px98udp7
1006,b2zo9@rqr.ld,upwi95wni,dctoc3xdtla4ewsv
1007,qcr5ai@qzk.qkh,rpyg3oqyji,cp9c82v1ir269
1008,ab7zswuj6@qugj.xs,1yzlalogq4d,4tfmkffnjkgtbl78
1009,u6xd1@xyfrz.pw,e0ekitlt5v0j,t3ina84cyvlu
1010,7o8yyphkr@mkbf.nm,uwybr1bh34,ldoicc4fr5j
1011,guye0vxzf@zqnn.chvr,w7y0py6upb7qj,8zw8sdno485ba
1012,2cy6jn@ilyjh.iq,7rmfjbzj7x,0dtjt2n044m
1013,j6hv75tw@vctrt.rkwe,g2e80pre9,tykneraqfzf0im
1014,7yp0e@aww.ib,9p2snb58s,7dyubea485kon6
1015,srpiuuy@tkbtr.ge,pvr3waijrm,s62c1a5cxyhjy
1016,mlc21wn4@dfmi.lseh,mtse2m1ow5c,etgs12dnxf9sp
1017,citl92h7p@nsvas.lig,blmxi6xc,imlgd5lzmywlo
1018,1yyeh@kctkw.ona,rdrcr202f0q,jn6kkrs1es4kxr
1019,h3ttg@jbm.whk,crhibn3uu5,oebpzmbuacqn83
1020,ioe1t73r2@einck.kvxj,qjhxndhle6vmd,xrtebc7tvyfd
1021,pnfvnim@wpmk.ja,g80tj7kr0fg,9sq5n71j7ex
1022,qcp407ms@zgrpf.ygrn,rzl035b9,k2c3vpujbkga8n
1023,pwlzmtv6@tlfk.hqg,uk2ub2svodwi3,h5jgpn66ous
1024,zj3ipok@kvxq.ozj,ypbxbhe9vx8,ftp1zrzurcug
1025,0t3jl@ycvt.lebn,okzi4bo9e,bw7218hqowvm
1026,rbwxw23@vaa.ou,l04wflwvhzd56,oto939tlronpt
1027,c41k8ia3@disj.iqt,wxnicb8v,o1j7t7iv03lmd
1028,7bh6h3keb@gpzxk.huiv,2w6r6rwfm4a,f44g7h49mz1v493mn
1029,dkr8tvjk@qhf.qwc,57qqgvxe4zg39,2nm2sflouk4ant0wm
1030,xqkxe@ncds.xs,m4n5wutgks25,ximtwqnv46u4zxx
1031,z9lsal9j@yljb.lkd,57hoz2g13lgv,13tj0mp3fghsdmsg
1032,i86pb@iln.pxru,klbzbiium,m36g4doxomdh6h
1033,u1ow86@psro.ys,gb7ioy7n51qt,n6dn549au9xn8cy
1034,xx2l4@qrgdy.ag,gktgsdvlhoz0v,cz0i09qi7wkg
1035,9dvyspt3@bmvs.aka,3vene564ik,ldhex78ao6zene9fk
1036,tmgwytnp@xiknt.xrye,2uhm1fqmsof5,gx1w9hgoxvl
1037,efcs0@meit.cg,hqhlrwzt9ynd,eaesot5g7734xvo7t
1038,o2zv3kx@txa.kne,49dkik3bt115f,xcb4t206obvkh717
1039,pbsioima1@lpwx.af,0m66dvjsw5u4,doqkbt4yczr9dpf
1040,j15n8i@lyp.nn,igj8mxeg,i904tac0fqsefpv6
1041,w1cg1blz@lsimr.wyw,qwu9tdbn2wr,sd9xw3myxpfukkap
1042,o8wyw5@tymqn.wpv,loke5ns82bo5q,xvbmbqak05ezf4
1043,z2m9xcoz@zfa.bmz,xefaly9fenq,9xycbhyf315he97
1044,78w03xhf0@lvy.utgc,p6uplrsor,6xzpjliro0gv3p
1045,yg3uy0oqj@klbs.yf,8b9hfw05mrqh3,u7a08ncbcmivip
1046,d5tcwsb6@truq.evh,wdgygjccl7drk,9w0l0z3ealq
1047,zdu58137x@qgwge.awoz,eeows2ucv2m,ar0fiipyh46qansk
1048,0ti7o@yqb.gmb,g5h27hm1e13,yyo9rm8tg481fn
1049,0fdzu@ueyow.kvm,r5h7ouh2b0kra,d0py0cus0msq
1050,uatxfr@vzt.sgmv,67m1f3kj,vfcikkc3x3kn0dtg9
1051,a8gri8gl@xqwly.lk,x2yn0ppv,315vtzs6nlhya6l6
1052,v59v80m@zde.abhl,fd5h2r98,jrd7f3yxi8aq
1053,ozqfcm2l@xobrb.snf,v4wchd40q2pq,9vvq0eoeashmbs
1054,v55q2zu@dfk.go,bud8wwyd,nci6092mqchhs4ma
1055,tfi9aw0@kkw.icb,8mklzkbui,y7w7dztlvr3
1056,j0qko@tuiah.yjnf,cjhszz9yok,nmzn5h7whvwf
1057,cdumn@pmdj.muyl,pu4ppn8cas4aq,l92hz0z2dhia5gx
1058,czxfl@wjpuf.jl,g4w1lcnq,t6m0wdaipyd
1059,6q0m8dt1m@ryfl.ze,29g0s3h8py0r,iwnosvzaz6r
1060,v3sm9hx03@ezpqb.wy,t7gxpu5ykv3,6du3s2y0n4jgv
1061,wkgooj@phrxv.bx,yhlifsig8v5f,sohlt2rv29v0k8
1062,veyx9z8@auqkx.nbl,ddu6qy3ycuya,h4jt5vyx2zne4k
1063,l6giyi@crq.qgzg,avvt6uz3crt6,46xgfzm9x1qwd
1064,rhbbg@lfg.yoto,kmuc04df4cxc,dirahdudhu87hn
1065,v9jtyz0t@zvm.sopb,fta4h9nlrdn7,boxu83pyl9db2t5uh
1066,v9kbrim28@nswk.ss,1wuoaj9pk8,lf8cjuv87w1wntih
1067,rkwqw@gnc.xm,uzaubsn84m1,hdfj89sdgd5zn0
1068,6mlt3qq@ttk.npwh,9tom8uyypv,6fl5lvrrqch9a
1069,w3hy0a@vgie.qv,2amyc1vp,lqxalopurcyr0b0et
1070,mkpexf44u@txs.dci,m8eo45w8,rqkhawgg4qbf6q70
1071,fl2qfmyn@ndn.gw,zazxlmgia,cc21511c8x7
1072,z58d5kt@nwyt.me,qy1u5syo,9ackiul7qr7cal
1073,y2d7xj8@gcykm.kd,qp6fbu0m0szx2,r10el1af0d4
1074,klogmp@ehyo.mi,mi301jzv7fkog,tfdl0dnu08c6
1075,l95fs8r@xyi.kox,ql9pwi1lr,2qbk67vsroxn254vx
1076,9dteflqj0@uvmw.voio,5wiknloui4g,gavwytex488
1077,s9m1a@psi.kc,fkbvuwf49,1oa30k651wcaemjz
1078,m3qix@hbog.hydr,v077i802,etg3yxyr6qcv4b
1079,vy18u4f@uwgy.vf,7nei4m5pi9hj,ejkbt0jg97na3wj5q
1080,db6jz4v@esot.wj,rdzfl6uwvow,9ni4lfc57qjmjj5
1081,805db98v@tot.na,ekynqguj,qz1ny4pmm3a
1082,6atjlfu03@ivhrb.zjo,mifuwlny686h,yzf5nyqri5d1
1083,g2xy1mx0@stnn.nf,m5r2z2zzv,odinwq1u4q3un
1084,4n3e2tqe@qmwtq.dq,48oow0km7,awasutqw4f7
1085,atu3n@xembw.bhd,cz7h6gpx52s5,xc145x4au1x
1086,xf286@zufi.bjjt,rj5sp3e2,6t6j86sso4t
1087,15ncw3z@hdug.qlyc,qqu0yeayx0,2iup0niuwuq
1088,8uqrlhe@ygq.no,sa9g1i3032,d5z7t0yqg9gcil806
1089,nvx2spmv@xydo.npbm,nr4ysf7z2nr5j,r1k6htuqadj5ma
1090,ql08t5@uovo.il,fzezoyja67,dt8e17g9nc49f4
1091,evorbs7@jwpb.jrx,fwvie76k4f,28aiwe3o7uzae1em7
1092,j1ffy6pe@sdgm.lzpi,63dpho9ghiro,w4q1iofdo4jr2
1093,tmkg2db7v@adu.ks,xu4eqvi3jxy,t1enanazigcbeb
1094,nrcnmpymj@oxvnt.gy,nbatehgv78s,disfm50knlp21q37
1095,b39k9@htssp.ng,pgfzo4l9wm,8jn682ib9vz
1096,qo5mz6gog@pvai.mxh,2hjgh3ymshs,texa13itb4bikiot
1097,28577a0u8@arez.oit,au88fwgrjubn6,0xf1f7x9zu0d8
1098,9xnbr@tmztb.wjo,4byjkfdt5n9,9mhyajv0oxwo74wx
1099,4lgerk1@mnnfj.yh,a41mtqzrv,87ie0os91qekalfi1
1100,651tv7tu@yni.js,gf9vonwcm,nyci3jt68gby
1101,0ukz21m@xzlnx.lop,0bf6wm2gqlh9,mmcqktcg8k9ys1gd
1102,a37i0@nqmgy.fsoi,q5zavtun6s,hu4exabmszta4go99
1103,e5w7euaz@jvdvp.uyq,pd7btkba7s,78wjjip9lw8894v
1104,z9oah@jysu.ary,lbxelqa1jea,7pazk696vyvy
1105,qrfx7e7@dlr.lfhx,zbup7gijk,i2rn7k1su54o9ce
1106,ndbtbqi0@qoksi.dhkd,qyxwml21s,s1fci625gg4n
1107,6kxjv@lmm.mf,j6jbrgl6,mekni3f2i9km7
1108,62jqk@bfjw.xlu,6n7383bd79,jt30xlhor50
1109,433x29n9@bzd.hxpo,065mnfkbmzm,jz2wgnjhv6gbic23t
1110,koxng98hd@nzc.fm,jbo7md4nj,flhhfwn1ni7o
1111,qfz2gby@zsgak.wmuo,ul65bi8pi37i,1iqridgvmmdk
1112,or456yk0@odp.vwh,pp024tmt1,skq9eb596oc7o
1113,igg3xgrf8@eti.pgl,1aq0fc01fp,n18xe9vra7mrw
1114,rt5czp@rxm.lkbt,58753g9ohxl8,ukaechs5eh9e2gf1r
1115,8kzr6bfv@dji.xppi,skslpehxcz9,wydgsrtvggc33zk8
1116,s0w5q@nfgt.kg,w74gt8blk3ea,pzpv98bcc2x
1117,59nci4nla@pbyj.djae,2yw8f4ad,rxsz1fn0fjlnxor8
1118,7j5og7bm@bzb.qi,m5jag8kvcj,0sn90k1b7022hx4
1119,wtnzi8ik7@svwhh.ao,jutbesw55vi92,kshzlap8k5itpcg6
1120,a62gptsko@acwnl.wzf,r65ntppexa,bo9e8b11b83ri48i
1121,brytm@pcecz.lano,luyplxbuiww1,i6ujf63mz7amobaqp
1122,7dy1wufob@psn.so,6m5l3vn2yngl9,ezx5o432n6aic
1123,1jp53s@brfcg.bb,g3ylunv2z,hl81dcpwkult0
1124,dj3th5t@seycn.hmmz,mxkkttaimcqdp,w29htk09xz43rhpk
1125,0qq4y@jow.ol,lu4h7j4evl6,yyqas80f2cnp
1126,us53wqv7@vny.wlz,jp494sia,5f0ao4ot91qszf8
1127,qx1orlbb6@rwzc.zwyd,vbhm8t907j,7t2akxwo0vw
1128,5scby02@luphw.ch,gx02fupj5,b2h8rxtznxz4fxaj
1129,ofl6rq7i@ridyb.kr,iqxwwriq,2dxffl82se0qofxs6
1130,ezqcoepd@udkfp.yex,79ru41p2,u3tb7b2biedk
1131,uh1ol9j@qxhpz.zszn,x8ntske91zty,i8aeckf03zq6iy6
1132,twnnupgi@kjnry.oe,p5h50sjvpc,599y8yvtfb8h82
1133,3yv0w@eobjx.bf,w1ekped6yj9,ni3fnu67e7ynx
1134,r4z446pg@kpccw.trgz,3eddi69ls9jg,xyexwlk5kywq
1135,ssikss@lwqt.pm,f32lbokytq1vt,abuj3za74owb3
1136,4ekem@vsshj.nne,pllkwcx4hc,dakxbondb26g0w6
1137,2xpz3z@ste.tf,9o79myl2k,5bq73cyjmnv6ldn
1138,qhi4s@yta.gs,0bcdqeqr4,02epjc0o2tnc0
1139,bqctmi@qnbiw.nqr,hjst67he,pf4oiolfnssch
1140,k7ye0jp@bvop.km,4dhqt44yjz5xt,gzn01m7b0o5et0
1141,77jht8me@lbrz.mswe,hnm2uqhr3e,zs5odf237soi89erj
1142,a4asl@ynmi.djaj,8ibtv8u3b,gsmb22jyquxjh5
1143,200g0tkiz@tlf.mo,fdsl536v,kfz491chwdng7tja9
1144,mjhtxuyx@ewj.isa,1nfw2u3p0yx1,zqi12p8jidw78l
1145,gn3621i7@bljbx.kox,w77eyf2x6ev,v7s30p531ena83
1146,96nqs1f5@xzi.zd,qamd3df6xup1,5t3d7d4aco9pr4ud
1147,o99d4@xyt.wgip,idd1ot89,h3j7jhpmy3w
1148,vtnjb@xucsa.zb,gk3w3huj3,htpkc3seh90m8h
1149,iishada9g@jbxtd.wk,6axryohzrj,heht5gm6cxl
1150,vonp4xhs@dawh.toly,dmr7ipnn,9g1s2gvgt2b
1151,ernr1fr@mrq.hl,z7yibike7g,8kccd0t7yz2p1qnp
1152,pliy1je5m@wog.mfj,ii00kmoxop,jvy0a51uu5fltd2
1153,wma2y49@qmykh.mm,t092xalc64,h6j2jxbji4d
1154,5rg4ecj@ywm.zaeh,spmnrep710y5,l3svdaspihca
1155,rtqvd7@dftot.vx,wnxvhfossc,8oxb284ubaaees
1156,hlz7o@wuob.lzkb,t8dxw1qm,oegoo3zcjikj5raqf
1157,v0b9rz@rzyn.hgz,prvnvlywm0f,uzio5ic53ki
1158,eyrr1z9@xhqu.cqzd,r3kb9gzl,ptvtj1mb47gzuw
1159,6twy3@uuun.yen,pv9v1em7s8,789bcz2tajgv48
1160,k7fiito6h@prp.fgxt,73qcn7hpvd8,kbvic8vs5r67
1161,fadugzp2t@zojbd.ej,15u0xj0yv,sn590yh07eupx
1162,trkzcrpz@nco.zsll,2rtbyslk3q0j,jms60pxi45w3q
1163,dl0g6y5@mjy.te,v168xbm5y9,c9uq7otxzs6kpd9
1164,cn6js7w@zdfb.th,qz0h656r,85sh91p7xmo4mh
1165,vexrq@iax.iny,xhn4lx8j,9tvf9hk35wk86wz
1166,64mb4ow5@guoa.al,bpp2vpndhndxr,120f8fck91d59wck
1167,0zicwmx0@gssd.wf,9xh4s4o1skn,ksutwaptyb775tsft
1168,mi9efrt@jdhtz.perw,beliylz82e3,09f6f2yo5fp
1169,73mpdh@egsx.vpmy,41ieh44hw1p,nwj5vu2dbq9lg78
1170,gjkxarhkp@oukxm.ypq,wgq2w37wsd,dbf1l6bdtcc
1171,sao33upi@qly.ijn,9apm2fv07eur,j73jl5soxmh30co0
1172,erylu5@zmpkr.ssg,yswrx3a17wa,0yc63emktl1aj
1173,gp72d@lyqey.ifjw,u8460p46q2b,etdy3gypvry30pg
1174,fu07t980@gnw.vw,6fm6zt832q,8x1fvjm17y43
1175,6egtd7@idgbg.xoro,bvi8hktua0,o5iu8hufa07ty
1176,vy5sb@ely.wtr,ubpesdgg,ttmjbx4bmx4x6
1177,0yer789@tjab.pmbh,6lt1n1v7q4vz,i3zlfq25tax
1178,ykh04h@nghef.erjo,wcue2nf55w,mkb3czdepkkv
1179,z9jw3p22@wlmb.rqfs,ejyvne7e6r,haj97wa05lpepv
1180,1a3dt@jyj.rhcj,8dk7x1kv,fnmzjgfgj6t85r0v
1181,lq0dhvg@nuyh.hw,r28f3xwgyq7tl,7nr2ons86ct
1182,34hjiyxcx@qorlz.dyj,v0al3cumz,w7m3g7go01x4t
1183,sfow0@evcin.agd,ox2rr2yh,24jaxejeh277fkjl0
1184,gi2hfvsj@ekipb.sxqo,b9z8bas889,fvglzub7por7weh
1185,r1lhwk1@sxm.zqst,nsz7lahz,f46u4k3pcrucp9bxz
1186,5wej6wz@lbiiq.mpfc,gouxls0rrisbp,590iarhcpcyqymove
1187,2zgtwesq3@crmit.yla,b0dzvthgjs,rgp45lh5mxnt
1188,zl3nmu9m0@yjmx.vie,4ucjeyzpc,t57dk0wfvxy94ha
1189,de8f33t@hgrga.uh,zz44zs814,pte44bntrl3
1190,zi76aqh7k@rey.uahu,2hpjcd7fe187e,o4r74s9u5g0f7ls9g
1191,vdju5@rzve.ycnq,vh3tnu9usw,bz3k5qm5enhwfon27
1192,zdadprma@qjv.velt,a71p5qv0,uis2mz4xxr5meh
1193,mboc0x6na@shjc.qkwl,cxsq72azyoq,35y5xiw4dmh64l
1194,6ed1r@scxyz.ep,ljn6r97a2,zt5ky886mvkfpf
1195,bqn3y2eia@rmo.hbar,tfqcurltdt,rp369i54p3vb6th
1196,no3mn@kjehl.khgl,dewjvuj6yfy,reuj9ls9m5dh2s
1197,ue0p5o@rdeh.ly,nz9ypb328qh4,0kcw6v9sx7kh
1198,le5u5@jxrq.fg,ea1onbz9gkd,y14h6k7nzx3ga
1199,pzhqz6fl@dquh.pvbj,wmpweg0ss4,6yepgbzfvjl0ak
1200,yfd9a@kitj.sp,milqz1pjrzw,vpixqw6gzz5nlz
1201,0qzyw@lmf.tv,n1b6z42yj06k4,bw3x5l16w8qs
1202,4xc57g8cs@ctav.ug,wmmgcsu7cv7mz,ntpqy1ossjb
1203,psoc76@hpgv.rki,fozruvrf1,2t2ci9f0jomgob
1204,h8cw9@mzk.sth,kdniyitpja9ut,hux6qz9clqx9u
1205,pg4zcidx@kkfup.jj,oyw1f0su,w9c0y2kv85tyyqsk3
1206,ar9h6zz@pson.ivzs,szpnvqfjd4f,5vpgn04wmjz7jo
1207,xryz4hie8@bjbdq.vaqq,oph170ov3urz,xbs9au8p5ywlgbu
1208,qvkdm1j0@zxf.cazv,3b42dmc8yio39,eww2iizuingz7
1209,09cvjkgdo@lplau.rp,xprmrivzv9d,j2mjk62tqm6w6hika
1210,ns3zwld8k@pkls.tbip,arifqt6q1,8160vfszqml4
1211,bnvcp@ovf.zr,77yawkq9vmk,uybh0f6z2fc40o0uy
1212,7mg9rlqs@enif.fja,uptixxm1j,33woxsv302c8rzgsx
1213,al84pozq@wbrp.cbw,gjrz5mgsq12u9,6d8bgfls52j6ke
1214,mh1i75tfj@khig.phl,nmi8949opx,tjz6lh392hbbb4oqw
1215,50dcqgm@rdthi.ulx,pmocay6110b,eruyqmrl20tcpdmj6
1216,fp1xnu@friin.zm,uerpg79rvq2g,pc84sprfpii1o
1217,6ea9y4l@akvgm.voeg,pe3u3kzl,q6pulo43lbvtzska
1218,1z66tt@jbejp.fplx,7zx5wc8sqf,6y0cv2w6tmlfb0aku
1219,uuvzlq4oi@dia.ncxq,3mkplioat4l5,ngi32cti6ru27xy
1220,hdqkw3@ftdn.at,3siu6wh3d,wzm8a6wx7fbr
1221,s6se8row@izsg.mv,bzljkmt9kjy,h4z5tcrl21j
1222,46m4g@ujgo.mqm,g8yco3zogb2,udckppoap7crca
1223,97q0g@lkv.edu,jo5hmdt1vpa6d,qqjczt0lem7egqkr
1224,rwhviq8@kxxjs.dbbw,92mk59f79b763,nj4uvxd08svv4g4
1225,4my23rdf@ejyna.wyk,68yexhebnzxz,ti6p7elwxwmqjo
1226,4pv1n8jw@ngtt.dro,3rutc2ac4w8,3onszfayo1pv
1227,mrou8@lbdzf.ik,87ap8p66vdt1,i3013qrr0hqw1pm
1228,3q2llcf@musu.omxm,81n1477xmk,zrgayyyuq36
1229,qfvanc@kncm.zp,vfymysx5j0l0t,x3lctq1fvuolkq8zj
1230,vypnvv@iktol.vnu,bwebwqwxk,lx599lqfajvgxgkc
1231,qe1331z8@kzw.pe,nwnyi9pto,tgxvifu4xvzm8bsbp
1232,ambezx@jitvz.yu,sykdidz2vap1,xl1clssofggy74
1233,6hdt9qp4@cye.fz,ifgh3itp,iaj23bylhzvh
1234,sn0pht6f1@bfuq.wmx,lq528ic3t6,3elowp8jfeco2q5n
1235,pi6syomd@izm.qqii,5gz4dr4pq5wgg,o0h9qvugyyx
1236,5qhk3s8i@piq.sye,arq8gkck,yx9re5reawqai59
1237,m1r4sgi@ffgyo.xjx,4w4r97k2coke,tz8imhdglzu68l316
1238,92sejg@hpz.lp,i3qvwym4bjg,w6ogmh6lkrho91bk
1239,mmvswshr@xmydg.hdc,pfo5q1897s,7afwsumjr7oi3x
1240,0ktpg@ggzzq.dkmp,k6mi0mgoiuos,yj5xtlzfr6sn
1241,g63pi53y@qtpg.yyv,gs0j7cpj2fo,wush7ncs041fa5j4j
1242,da2431awo@csjmz.xgyy,mg41bqzkblw,uob4k9z6zktg
1243,30yn88@ptdld.bdcj,6ax0qripyh,fmbotka4puv4s6pap
1244,6ypcbt@wxz.chyg,b67hnynl,ey90h775ev0hto
1245,nbh15f@ftlb.mf,2s49ij23f,8wgvftgs17n1zvzto
1246,14t0ll5gp@egqb.pe,9a1jgmi36b,35vyblwdqygo
1247,c9qs8@omhg.qhks,vmb863o76gqjn,6mz4rqetnefrjo
1248,wy9km5q6b@ieiu.rx,28l4r0iib,huh32lqxl88m77
1249,5o05wc@iue.prd,v99gqb9ve1,ojmuwjvog5l36
1250,d1zhyc@yhrew.kuzj,cw1kki18x,dpeeddhxfyftunno
1251,xet5o@ifk.hdb,mdi85v28fvs,hv9054bl9aa1ik9pp
1252,vbn3az3@kza.elw,xd0058oz,8eqo0w8a17qncq3
1253,nfmem0@pfy.qeob,o3i7xuud5,f2t3bue5pdyrxo
1254,j2ixig3@krxt.fht,nz12gw95majj,iboikluu1sg
1255,3o0bgsgf0@gsk.mlax,7kizwqhl4dro,0ywcn7i4gidt37m4h
1256,emdgba@wohm.ke,mmmuq3gr,v5bhh5lxkd312
1257,4lhmsof@xnol.uns,9ibkuqpk,r9xldrun4wjezu
1258,ypwdpiv@xce.qbem,06d1u128o,tsk6zwsld9yeaj950
1259,y6mbw@pam.umf,2781bvhvjl1qw,50mrrotyutla
1260,niwcpwf4o@kgiar.zvf,nn4lhauz,zt7uuji5rpg7w63r
1261,quqe4ss7@uwya.xp,115ujepb6,picfqehg2yi
1262,9f62d@mmjq.akm,e5btmgzcj,pw0w0s60eqp4t
1263,8rv96yt@tordc.txog,6wj4016uidou,wzwpdpjowm8bxn
1264,403sw7ku4@tkujo.fai,dqhubgtb0jef,ogn5td4ular12
1265,xxzjdkxj@byrgi.rojj,y0n7h3m8cp,3jp04rbh4k5gy
1266,ge3ag0li6@hntxl.hva,ypdu1wphtgs,rt16mzzgqin
1267,exwnqetv5@tuobf.qfj,5evkeog5s,qwlybg18lsr
1268,b5qs0uysq@duoei.zdjy,gisrz5vivg9,xoc4a0x4wcwic
1269,33p49@hyqaf.baj,kndg0jmgsl,3rvs1ygzxei7034qv
1270,a4gyowb@wuz.ddno,91lp4odnae,yjqeeea1pvny680f
1271,s3pcvy09@wur.ty,3e74z32j6,siayzog99il8y3
1272,otrv8cwy4@bep.ow,lgh53ses5vel9,ke024x59572
1273,lmpuigz@zfwn.yh,rw5y0qm7i,wuh0q5ri64l1
1274,qsqide@jzlj.wm,nrsu4oqc8st,kuq5vm7pmf759lezq
1275,4hz69@impp.bw,xqh6699k4u,epssdsfgf7kp
1276,iahwp6yq@kasgf.akcm,z3tnkye4cd,txhwayo252ld2o34
1277,can4xrpe@puf.bz,67q475ahjmd7,pbhtzrp08meadl
1278,d44hs@mmbmk.fr,blwekfrtj,891r3xelibccu6kam
1279,2omoti55@refvh.psgl,wgdn83dtq0yu,4ppacoiwdcdeo14
1280,rwvff@lom.fsw,nb3b3or7,78r9k1prgzqx6irdu
1281,bq6ra@svu.aiy,x51lyjkh0rcu8,ze5djm5su2cxr
1282,8sa6m4xgb@grzj.piio,lp3x1wr5iwhx,qbvuro5413c
1283,r2shn@kgna.zhz,k06d7642u,bmfblpdhffpssv3
1284,882ih@jptd.vh,chxjhuwqg,2fwa05xpz0o4w
1285,d6dssbb9@anblp.woeo,grjyv97in0pvc,krd9fh59ux7cwk7
1286,xgo74@octdo.rkj,egxuv18f,qrbo5bxoi22
1287,2rlyc9@tpkd.by,qz099v53,ol3o2tanmiu0
1288,g15d6jr6u@ekny.ro,gd3yt55gn,bklroszksv34x22
1289,mg0ox5q7l@eixf.emw,4lcp0hpxg5,af41783nsq4
1290,n4vbsij@mgqa.pmf,u7gmuk7hswpmw,vlpdd61ufbsl
1291,zmc2lzgmf@uumwh.xmoe,ga96n1bi9biw2,1clz0qqhy2kl2b1
1292,ulpqlm@isf.fm,zbuw44j4e96,uhzpv5mzieeedlrq
1293,b0cbga92u@zcg.fw,dxd85juc8ybu,vtb57fk2iw84fi
1294,r7gesy@doz.nmwg,enw2ttftlb,k06adsjd0858
1295,7c0bzht@byj.xrae,t4rdnf50enuw,js3hv3vilup1
1296,zeifx0cw@nwy.ahy,yqi16maez76,skv124boo1mv
1297,n7hdz6@hft.ao,dxqyem1z3,q8u0725tmwb7
1298,p95q4y@tcbuh.nhw,251t0f7xzq9tc,ync6icdarj6a
1299,qc7bo33@jmoub.ya,1wc9ohqw,zh2i9srp1vqo1yrrs
1300,m0pw5y@vre.muj,mcpn7epnz,ltpykjkyczybr
1301,eopllrg@lth.wii,ot0hya4qn,g2gopzcun5kaj80r
1302,zwcgz@voe.pizm,1xjgk9eo7f,8dhezb6uz43
1303,z28nm7tmw@xejpd.vkv,d6ay3w5lqf4,84son77kumv20
1304,j6cfrxi@ldjf.ywo,314ysjg6d9,uki3pr1p7t0gps25
1305,mm5i9@bfx.qce,7r6m49mo,a008ae3t1g24
1306,g6n2k9d@pzs.wqj,n6io5limlw5le,46n5li3w2c2xkof
1307,jczk92l1@hhohd.ws,u3d8w0t0cgwjx,46z3jiwk3cqrgl9
1308,bey6t@mtg.lv,hj09x7uc,uyyxvs26twwbjg
1309,drcs9r1i@bph.mnjz,4ijppwlm9lers,38p731nn32t4
1310,133notlu@akkd.ra,dv6amd8p1z,w09yiqsbx2dd8
1311,bq0i0p7@tfdj.xbo,0c96ni5jz7p,sbp1ld88lmo
1312,xqjac@qbxpj.eu,ir5d79pnuynfk,ef6eurvz71liz0um
1313,jk0l5@nucpg.ngsw,vsuy1yvbn,ar8g44m8pt0b8g1aw
1314,5v2394y@vyf.fi,luvpatwv8sd,vzrqoy0xqgesz8
1315,36zat9lk6@kcno.gr,lreifoig4f,gwfsckwgrw5por8ft
1316,h9lh4@kft.gr,hozjwg7i6x1,2364bep4zrrfngrhy
1317,42qa7vcr9@nhheg.sfl,o45kkgeipe6gj,5xck0140ftap
1318,3ppt49v@hvktj.ar,vhvzp4pozf7d,fwhgvk9uyg2jif
1319,4eupww@juqcz.iaj,08rrkik8vlaiz,0zpq1ku6gj3
1320,1rui9@jguu.uajm,bcfm55ix,lc6fwcuate7a
1321,6pru5t8q@qowrv.vyyb,q2qevkkdiukyu,nfag2ovv2s9ircti
1322,lsiz0@ziv.fr,kc6weatoxwsd,v0s25ik51bac1
1323,dkmnn@gaono.dv,t0ocx00jae46r,elmigpf5mpw4x
1324,go89e@mxa.xkvf,v8hcc4ne1om,1ftacoub4ruqz
1325,xp04whb5f@swayf.tcb,eh92u4xqy,a8jvx7p7yz12b8tct
1326,53vuq5z@pghc.mwcv,o92no8wa5,ps0ple8xqg7
1327,7ow37y9j@ntj.lfcb,fxmdapj93b,xiyhn44txl7pliq
1328,3lczeb84d@sqejg.ego,g75hv8p8y3y9w,kekoudrmr6xvimv7
1329,cp134tki@rhfv.famm,ijul9wm3n37gg,icgori5e4sqpjft
1330,4x6x2@vzcy.kpf,xyxpvhgcu6lhe,b6i23b7aamve
1331,rq2baep@ozxfi.zarh,3kjrmd5rosx,d2c2wwjmvk6ji2
1332,wdpswcjc@yft.ki,fva36uqx4z3yf,91w32zjlgzna
1333,mrqueai@hmvrg.mgq,gj5j4bgvd,f506sjnzo8dj9
1334,c8qkjwt54@uya.zqe,4v3ajpvasv,9j2aaqh3931
1335,e7eaage@xzef.lcy,ocl45h1nrp,2u2wxgzvj1fii7bc4
1336,e3h026pxt@rqiwl.zdb,2p6rbwuzu87,kudbnvj07v9
1337,gjiguf4@lngi.sxlc,u9od85yqht,zgalvxeppgps3
1338,ui92zvk@frer.yje,3ztl295i7lu,5ap3bz7r6ywz25p
1339,47qcwf@pkm.mb,sbd05sjhh9,74e4q494msf167qct
1340,79errbpm@wif.qt,1axun8fv8e,72ziwpcx9xkkhrxm
1341,hromy@dueau.dd,rt0m3xzzw,kfmjeeqbkry1hqlp
1342,7nm7j@qyy.dh,5danibtlobwq,0r4gyj5ixea1vjih
1343,0jvxs7wwz@bbpa.hg,78eghehzne2d,8hgp0lvoom6ckcdf
1344,dz3dq@fgjq.hsrj,fw9xwa4mxc,g8vwggc34c54xbsa4
1345,bmwv8@xveo.ax,ttgmyet6ccpp,6xsw527eqkrkcy2
1346,ws4a7hdlp@omd.gqn,ju0597px25,dn8w7ksfztk0ty
1347,pz52vll@tltsi.wyok,orn9jf8qdama5,94nq1c7erbqovav
1348,0ym17d@dvpev.wv,07ngzts9cnr,v9na47xzw86
1349,gy3eqg@zeli.jyew,1jou3rsmt3dzp,5jo12u2w8wbceg3a
1350,bedu29@miao.ubqx,xlsue262,ldwkbmhab9zcbfy
1351,tng9gk0t@scb.dqi,9aqc0em8,fr1068up0luj0o
1352,nr19w@mdwth.qzax,y8f1e27rzmxit,tf6w27nks9gg
1353,lrxfxw4f@zwhf.uovy,agt218dx,ecxgh0amkd6xkbh0i
1354,0sttoh@lfjv.ut,pwasul4zne,i3vih46gwx732x
1355,xvaaivvs@tdq.zm,2n38l0ss82ex,kqjwjebkatx
1356,302e5k42n@msew.sk,m0uvzn07nz04,61uv7e3ljd0
1357,8o8f9ui@nlp.ktb,0zfk293pb98p,pe2wnusn29vdc
1358,u6mwnr4i@cwqwy.ewv,0g5v1ckg,h10ki3iz1evr62nj
1359,e4bjtd8i@zogj.ayc,8agnccpwkb,g8frq1gy2gpt9
1360,ml92x@dtop.cjxn,rb9u2t1o4,6w3garj973i2t1q4
1361,k5ujnjxj@rfmn.wr,9r4xixjw9zlw,h00n81gpknx1sa
1362,uwwgwv1@bjnd.poi,y1kkak16efo,4nsyb0a3xvrgsqyxp
1363,lv7qdey@nea.vf,bt640ndd9d818,u37vg2f13pan5
1364,07ye2t0@fwifi.fcn,hv4tx2v3d2f,agj5lnso0kkly87n
1365,n34cwqycn@ssp.rnj,mi0zbr0ianb0,tak0016rgxjq6kf3
1366,1sd5l@pmk.zgyw,7ijgmnb92b,a4qw5mu088imin2qc
1367,l3zf0@addy.xg,6c8w5ak1,0l6llm2qdtrk4t
1368,qvpriyfi@ksm.wdm,mlp37x073c,jkm61qy5ehbz
1369,9okfn9lj@xxnxk.jx,79kf2mzmv5krl,krnz3jlvnooz
1370,0g6k6hv8q@svob.mq,vqaogf3tlway,stba7dkmgo0d9hn9p
1371,oyfv2bp@afc.gfzn,7nx6xf5r1,ge94ae29t73
1372,t1svyqh@tgdhp.ntwz,8k0xkutn,j1u3ejvci1onfbna2
1373,phqrfv@vwvu.odfg,s66kg95hi,g2fqybympavj
1374,2sl1th0t@kaqr.eht,l7r79udm,qzs1rkmxxi7bwgxdc
1375,f2gd1hkb@adszz.vldq,x7ad8ai0p,10dvo6vnk0ov
1376,yg9yw@fevig.nd,xh1bu8by1q05,7meiw5wpy6joo
1377,wtvgk3@bvzqc.vfbn,m91bdwrnj,mu52aimccogxmgguv
1378,xo7z07f@gigq.jas,m1rj0dv7gq1ou,mix3ri09nee
1379,3ucpl@ubb.rmd,1736mkhokw,4p9ow91jv5eivffoq
1380,wrx50mp@twx.wn,k2pwutg2,tddt7valvi811ph
1381,r9os3@eypkw.jfd,g6oyw5fbzfi5,k721o297bfg9vbh
1382,ha7cz46@tsfpn.kcr,mdksk193vfi0s,wbodiuz1qwsoc
1383,iu8ig04ii@tdur.cttx,5ij5t2ig88bu,91xo0t5zr8gez0z7d
1384,bymr6t7@kvru.xebk,ep0rrq1g,3rkmfxnkrpk8tff7j
1385,j55s9f4@gbioh.bo,op2tcc2jzzp,s2ud8y086qy0
1386,wy3atp@gab.yqju,fdaqm3ok4xro,4w1pka3geuqyudzj
1387,6n2nr@czroj.yjrc,ftxybiy49ik,ln70b0lik6y6k8sdw
1388,edmnzosvc@ocqda.aeez,8ebers6rdtr,keern1fvfaa
1389,v18l53cra@jvul.vk,ngylirqp,0lvkx45u0heg54
1390,2wtdbo7@fhr.jgug,17nm1647gw2s,ilzfb6tz6tfifj
1391,2g6ds@ybxo.nji,rx27zd0ewlp,bw10sru895x
1392,s6unoh@nhag.azpn,qqmw5saxbc,t1upw4mm8ilv7wv
1393,b94b05eu@rell.ah,gnl37yhu1,adj6zll5u54sgz5b
1394,5m9u2s@waebl.waeb,wcru3gv1q4v2y,6ana98nu7sw2sqqr
1395,a0va0fz@eoa.dduz,lkc6q7jipwebu,fra2lkzfxule4np
1396,hp5bil2@zwwy.go,jw28vhu1i6s,huxxq0z7qusu
1397,a5k2xwx@pgxiu.fd,g4senfjy12bj,dme3zc3e0qeszz
1398,1tbm5y1@xypxk.wyd,14fpedta9883w,omc6d2h950aly5x
1399,4o575g@lxj.hy,xsxde3x7hu,fjplnrsai518fbr
1400,d83oz@qovtn.aov,iizthw9d,sr9fpkvkgvcnnt7
1401,444vf@rwl.pxtg,ag6h7oj7p8yja,5083s5h9lnuxniq
1402,afre0wi@lovm.ehco,90dp279kxq,qnzkqd5fync2
1403,m39w8empb@untt.xzi,k58drbm7nd8z,qca6sbg54k7c9bqr1
1404,zaen6p@stf.np,q9r53qv4,gje70vl9jeh
1405,yg40wh@tpe.dzg,jo1o04667p49b,vjwjjzfqrocq
1406,v6bdkrg@acefe.qv,8piq67up7,yho8pg9lcsdg
1407,qazn5j21d@otxpm.gpgd,pu6s1a4j39m,ld8nz14nhfo4nq
1408,ydwvn9@emzzg.nu,i00740vu,yw7ewnz628i0ieu68
1409,8m3z34i6@wwcf.sid,lvwp5xu7,wxgnenkoz5cwc3cq
1410,9yci2aa8j@rifod.dnlu,juhjaztu4m,nyzhjgp82gmynimde
1411,xacjea14r@bfou.kl,rcclec5ybz,vhvyva2c5zilx9s
1412,i03bsla0@nea.uii,0p4q9u5lo,uax7fv4599mmvb6on
1413,x1d6uilqy@taf.ve,xulw1ybszdg,jpkdm0bmdah7x
1414,3qzye@qatcw.gwyf,g9d2cjbkgk3sg,il8gzuns3zl
1415,ubs6ezmv@zhf.ud,lqko1erwpr3,l5vnlwingxq845h
1416,keon4@dchdn.ihs,hj9pqf5ui,gzrvh3c52adh6wh
1417,gvz4w0r13@qcq.dshe,ezjag89u,sqz65sjx5j8w2lv7x
1418,ejazpo0ut@jgjrj.we,dvp7gm5yuo,qro0d4churfm0io
1419,l9g4d1r3@mhu.sq,mztpsszfdv,v95946abhf0iuou0
1420,yscinibs@tqfbr.xl,4u5ljz7wobd9,6zuafvyimyz
1421,mutpi@pgber.pbe,v4jm36hd1o1,5xrwv42b19q5c
1422,3r2wdvz@bkqb.ddb,jqg20hg85fook,4trk3hkot30cu
1423,pysr2@voux.pi,wbv39tavy7,g2ulxqqrmhsptbdix
1424,ckj2w0@kacjv.zyc,0dptifkj4r,yqm5edz3jtubewx
1425,onsapdfl@vsuse.nsb,4qszz69e4p1x,xy9kor3fiz55
1426,jbp53@tos.iky,lls6mdm1xc8h,44lranzejeegam5
1427,7zviefx@vrto.ygv,y1hz1ii8s1,bv4csog1ndhkwpg
1428,rw05s@zqv.eic,qq573irn5,xkzfrk4lcw75cn
1429,4iyqc4lj@fdfdx.eziv,i97gi7ja263,wcyzkcqiln4a
1430,47x87c@ogukr.dze,t3vphghg,ahew77pzpoex3
1431,5984gxe@nzgai.mq,saw5io7z6je1,dm6u18sbof018r
1432,hca5xdf@solr.whh,h1r3gpb40b,8op01x3kamexddcsd
1433,sq7uis@vrb.msgq,slwhc1nvs9r,wtt64fuqp5t
1434,hqoyu4lu@yzgzj.wt,kziay196gc,184wzltyl5nmcns
1435,dzd5k6@ukn.pqh,75ogwltz2at9,enpbg1deeoijtpfg
1436,rcugl5ck@pmtbm.mxa,7t22z80u3zlcq,w6odco13gu1vhzil
1437,lap5f@frmin.cg,ogku1qa128ig,6m55se2ijn3vbp3
1438,w18z2@pxmnu.uwqt,fvh0xm9kav,en38wks8oue3zry
1439,ej22vbku0@jxi.pbym,jdjy00k5pzv,bv4j73aq4qbvgz
1440,ku9xx6@gbpf.doql,anq18zk8fyzu,tpxi5nm9kp52dy
1441,kb0uv@mqg.ne,87tmqw5ak9kd,kjw0pqfhuar4kn
1442,7e89f5@fpa.hufa,ux91u0b20,3y2ev94crhjrnppa
1443,46mdrv@beut.mycc,bqvrulxkrhaa,j8btbrrt5xa2j0vj
1444,d0j22@ultxn.bfsk,94722wyjveg,qn4p3rmo95wn
1445,4uso95@ghycl.hme,vhkwkmnebo,s4uw43zxmh1ktyuzg
1446,w0c0zs8i@rzo.bd,frt8nqc62r5,id7mwo78otgh
1447,xir4lds@lxzq.dy,uzj1bo4iz6,rylbr4g0y6yq5l
1448,ubxnqui6@iqku.axs,338oyuw82ixin,c4bj1y2ew6cuu7y
1449,weh6kg5j@vrcsj.ew,4t9ibvsdqyt,e8vxbyemn6c
1450,bptgt265o@vpt.mkn,tgmrpl6hl,jy4kvtojlxs7qe
1451,qwkaf@anhi.fvqj,unlgkhqemz1,ddso0p8hn18
1452,7cim5@aqb.grr,il749e2xv3y,s7toi278e1rm
1453,d0cd88@swllc.lcjf,g0xhc21ydkc25,l1izm36a7ly9
1454,9mdiwlcu@xfprq.ddrf,n4w0jz7j1a,65w9nny8hezwi5
1455,rq685@yrun.thl,8g5gygdfm4gyx,789k7ertz1ckc
1456,c114kxvq@yuup.vmil,zvc1f1wezs,7cyl5ql1hu40c4
1457,jprkg71o@oxxn.ltiw,osh49f2ud2v,vhe78v4z7359h
1458,huo770@aad.dax,y3igghdw5kr,bi06qf93kryw
1459,9v1ns@gnn.nbd,e0dowcs0t0kt,9dsfpg2s1wmhc
1460,7tsgym751@mri.ha,2216u8f9,z126hydkb15tz2pos
1461,0ybiyx@yohv.gq,9azc6j0zpziv,astysrfg0ij7bt5v1
1462,ybdmhcl6@abjfz.kowc,oeqerp6yudpwv,wax2bmgvkvw9dh
1463,a6xhw@dfshy.aq,g06unrfks,i3lgnic7av4poo1pn
1464,9cfu2a@cbvfm.mjal,o3aqbel76w9,v0h4gl5mnzek8v7n
1465,hkrvu4@encp.gr,myv8a8gdi,32e4iiut6two
1466,ke63tk9yp@xsg.xm,r7bip5ck9,zypckspkh9rqc6
1467,0chrpfp@vkimd.mjvm,2ko7xcz4v,3kd40494lk8346
1468,6hk6w65pr@xotgy.mpz,ye60od6o032,81tdl090yb9rkd9p6
1469,hty35e2rf@megeb.vuda,8gqnxche93b,1u72luusplfc0i
1470,u549r@ymdi.cz,ze2ueotd5m0,tbpwf5yhzkez
1471,4o18gxd@lgd.rjtr,x0p9nsf8rpl7,fnbuq2nanh1llp
1472,0etb5@ssa.eqks,b9mv82hegpnk,wjk7pfay13r1rel
1473,9yvet@eiiy.qp,k8r371o38oi4,qoy0m1zezk0md5mk
1474,jx9a62p@zqao.sfb,y6fywrvpiq,eljveuv57oswf
1475,oss2vsfjs@gjjrv.ltun,s6pgvrmgs,a3i4dxydkfy90
1476,uqmvoamtb@onoql.uqg,npbcc85lyi,7fudst2pnflk
1477,7ry6s6e@lsp.she,d2lyw5azig9,1shso28z1fp92a
1478,to6km4xu@liwi.bi,5vwit1qgirekt,sqwgpi8rb7kk3
1479,cerep8z@godw.jm,ycoouvi0x0jk,oio99wg4omp46l2
1480,kmxpwed0@cauu.wgs,63kjfpyba,4d2azxd3r1f05o
1481,dz84e5j@ofg.em,hgzeg2hmu,ndsll6u0zykley
1482,1heilx8p@bnfv.owk,1aoki0e3x31,59czsd7nl8f7v3nc
1483,cx2pc@ovgss.eskn,858oui0r8ak1,h08zck1h0kpt92z2n
1484,7a4f6@omr.grb,1if7ac38dk,4f6pxsf86hzv0aih
1485,a648l41gt@qxm.qepg,8qv88xhvii16x,049cqh5vvo7d10ksg
1486,ycbh6m@lsrgt.td,fbjoqnzrco,ejxcy6wnvlcgz3
1487,xn9pliz@fqnok.oom,phsbur8q1kjp,r9bmoh7u5cu5fufp
1488,8cktaq@rnabm.aexj,g37y7huirn,0jzxan8h1gvp
1489,kwi345@pxe.zv,gwsbbybkha,z7ss3zvgrrrz7q6x
1490,xwl8k@fse.rihz,bls5w6j1l,cliw5zy8vjmpw
1491,sf6lpj@hww.pf,vykzs54zjzs7,snux437hm8xsj8x
1492,ovuh5g@qyyf.mgy,c1qcse712f54,7t7p73dwik4r
1493,du4w8r20@bxe.fo,r5mj1gn4wroty,ljxrj6hik3pi
1494,gl4kx@aoo.vium,rot87qbt,jq5poyuq5ob1
1495,i3o3am32c@uoll.tfac,d474ixu9,s9egxazqr57wdin2s
1496,pemi6eo@otf.imgt,61reb4q7s,sozslrfvceqtu4
1497,i4xnuc9@ntb.lnj,axktxqfj4r,symi3xshw9pydgy
1498,fxhlsx@ruhr.vjx,tswxhuyr6kh,ojfwfoaqjlnm51cc
1499,6vx0u@nmwdu.lfsy,3dd7sxmt,6er4a9y7fc85a2542
1500,udh2bu@ojq.gkoa,5i259akjkgbt4,4hx5tdkxnrgs
1501,vpiu7@sjsq.eyxn,tcisgw2bf9t,2t7273nxetc
1502,vk7g7ir@wthcx.vqwy,cy1vpps78u9wv,rfh48ug93owa11l
1503,lo2ks@zjjki.id,o5wlnbvmf,i4f5ig0o7xvx79
1504,y9voiwv0o@mfs.oswt,ludzf5iyk5bw9,on06sq4losg0
1505,ngrg7vwgc@odgow.ivdr,obt368eaqlp3,6akt3uc1x7qz
1506,hywn6@tetwc.coug,1ogawebhojkmr,13by3bioz4hx7c9
1507,jk52ze9p@qwhzm.fdfb,1linqia0,uyw2zwm8tem4
1508,s7sm3cx4p@pigck.er,5qb3h4qtl2,vpiiua676wzv
1509,9rezd70im@tcki.be,v3i1axs3v0b4a,snnif00v4tkiqse8
1510,39ul27jw@dhkr.lg,t6uy63w8,fx5sf4ugorb5y8
1511,5l6pou@qzyas.twg,u9do862c3bu,4tvbui4anvs0w
1512,1jra8wl@vtx.kwrn,0a8df8oaebh,lbx1vi9k00cpvh
1513,94o77xos@ohulp.dk,luk9hzox79n4,klqd76m2prs12qan
1514,seni2acq2@ixi.hwv,yxxoe8x64uuf,rcq7f1ago907hfc
1515,f38tkks@hdr.nt,n34uavuomxym,qrvqz304fej44
1516,y8d1apvki@ccaid.bv,d95crsou5z6,w2y1lwl30532m5yl
1517,ioxxcnq@dbm.obee,ax5e1oq1,cw69hjn0jk1c
1518,9tl7q@thx.rjs,4389ppd7s,ne040bocy4rs
1519,7vo2rhtb4@yxw.omsr,ghai4qo8,ofeg5ugiie5
1520,4t8if38ej@yafa.smm,z2s420j4c,n0u7smzzc58r8n
1521,uzpuaat@iey.aok,m12h9ukud,a8tnns5uktm2rl6
1522,tfoptcc@bxm.ru,5tf1bigdgnxj,rqq2nalndzi
1523,yavv1@dbel.ff,c0x8ki4q02,eysm0js9uthbpcbpe
1524,e2up7r@zkv.gzsa,5wzhsf7vo3rg9,2gn4jmct42ya2
1525,pwz17wqh@dwpnt.hx,wzeat2nt,mlv4f77iaq7za0qrm
1526,zvtakf@jprmk.ixc,30w4yc6kad,nuf9m3uzuz39kk3
1527,33wo5xc@rdz.qq,b4axfhuo,3tozfxe0nze709o
1528,qyj6cp53@wyox.awmu,jlp89umusty,ghhhi49cjfz4or
1529,a9n6b@cwdl.uat,3d5fkyrqd,tcez1oyktk4uua
1530,aeay9@nvv.puw,kmubcfjgo3m,e6lrl794yrokzl3l5
1531,jbef7u@lesvj.wp,u68lztnneq1,7e4yrjonkag4jqozr
1532,7zaz513@mcmc.xrau,pjx2sftvj2wjo,1e8g8iqeptrt5k
1533,9shmuda@hreb.fxtu,wg1cxxaenz,b636axtaclcnh6wi
1534,xzwaqw@hvxjx.bkm,ai33igdzap,gs3g3fdluunm
1535,8agjl7@fyjw.aggv,3q4u8urbg,nvcyrirxn9mppq9
1536,k59k1@nnjro.be,y5x4edxvjne,ui6g9ilvtiijq2stl
1537,5ew5dyxm@clqdo.yhkg,zm1md3ac,1c0joz7ipgjfxym
1538,adz24@sik.iee,4aojns8a8,pi740mz487c
1539,mmgzvwq2c@myq.tkoj,xlntdv2etx56n,3up7rdbfk5ja
1540,4lmshsa@dpte.rr,fmiz5i6b,skoujdc4q3bjr7q
1541,wjp4b@cgzsg.iuer,es10ior4ais,5l8efy4kwb6gf48
1542,2dk8s82gn@igoqv.vovs,b3gybzhwvoul0,5es9r4wofevnu
1543,rwup8@nrvo.ywzm,4ynh2ysd8u5u,o8yx6paujtp
1544,gop2h2x@gpodv.cyau,d4ouv62hagbk,jbbpfwy36et
1545,v6ubw@imzp.gww,1xm6f0gh2p,e21zvmu03v2bxau
1546,pxxlah@lqv.mkad,hekj0scwjty0,zshruc90ggj87
1547,pgyc2n9b@wqvyu.ht,i6101hfyvi1g,g16n1yfex4lkx
1548,cehpapl@vcchh.fcsy,834rvvmkza4,slq556wy2d7d
1549,8ixaz4p@lsjj.sgsd,znsyo8q1gep,p318dtote37n
1550,ylpfnk801@fqkvx.nype,9fbtirkai,iy3921heo9gg2
1551,0p8dd5ip0@hgn.tyi,dyms00zdltc7,mlqafnkk500g0
1552,fj17w1v@mpa.vi,le02cjpfca8,d31x4bylw0o12zo
1553,wycnnk52@jxj.zru,rqtdtysd7sep7,b9je5lms2alx
1554,jks3z@kwimv.ib,wz19mdgcir,mutglcgh3kk6nnf8
1555,25sxy69e@cyp.vfd,ohgsv2y0,ouicnncgcvs3p
1556,0arseamgz@uzw.pxip,hu2e5htovvh,wzm63i7hho8c0s
1557,wsvqp07@eoe.jrq,xjmkk5qak,ekc9m4fg9afmrpj
1558,rn3eds8mh@vow.nr,nr6s0mwrzv,hwdw2oeru9sto
1559,xgwxp3xa@bzqs.zco,2ry3h6xhzn,b6vfcr49yfdx
1560,bcvzm@qswl.hkc,ywmf8m2w5d432,n7coeiowpe1gff0h
1561,3zwmp8o7e@smbj.vcl,wxer0yig,gwyg8wasy15fbo3e
1562,mj0w9@xlx.xcv,dx6pw8tgg4,t55hlxmbpn8w
1563,1gpec@gor.gh,elsyyq5k6ce,fpkw60vevv9fgz
1564,o29t5h8@brrh.oa,unf50jq9u,ev4t69dcvlns
1565,pq53ua@armu.sg,c2pznl4q,8nwjn7ya69mlugm
1566,1cb1kui8@nec.amod,rsk9cc4nd,3sjsrdnc41w7mt
1567,ji48f@ebrx.qcl,ezjqkkhh0,sdp0ykk2ecvksup
1568,6grihaxwl@zgtm.nvu,05pr8zijfq,jalg65w8dg5vwr
1569,jymhwq@asayn.psb,pscql76j,aw9737xk4pjqgcp
1570,gjre5j@gfv.cjox,ncrp7b57hbh,xx5oxhgbpmj
1571,zxjri@vfqua.xklx,hfcp2m9jrin1,77wj7h3qwqofcdean
1572,5lgxck@dyhdf.dq,yvewqrixg9f1c,opm00e60nidh91bww
1573,c7cxf5@dkwh.ko,52j03ybl4y7a,ed22tm1n4y2n4
1574,q1iv8ij@rbci.bkua,y7m67mno3u,h3o7klgg6bsdjhb
1575,p4n6xg@ozgk.kd,cpgq2kx7qo,55o4tvvwkbnd1oxr
1576,i3a296e0m@jchso.ht,rzgxywmvw,9opp1lpm1ar4znq
1577,iirzfk48@gfwl.tvvg,ts0e2tot,4hlt4eou7hqn
1578,9va96h@iufg.fyhk,3vboox65qsx,bdm9c1gs15xsq
1579,an4evlx@xji.pnk,o6ow9047e,j2kh4tlgj924
1580,ejwtb@fpuza.fahi,vs1sfvix4e,6hbvebuhm533r3t
1581,uews8@dqh.fjav,zffy62jzy,fs79b73x6o8ja3l9h
1582,rcbf5czj@gxys.pgay,4ajglgdu1,7psq68648f3o4xl
1583,1hefsk@amec.tbno,00ggu58faa,v9h637gngy5lpv
1584,zssc0rwtq@bfa.xwf,14i43qmhi,3d6oeew7bl8
1585,axkkk7@vmc.vu,fymzs880o,03szzqcj8fgpxe
1586,tzpah7@skmo.dt,aqn88060363r2,yh2pxpmlhclsg
1587,uaa4wc25b@bvbfq.wwhp,3g7s4tu51v,po4zb76q59xzglz60
1588,yzp1o426@rpqiz.aa,fai5g4zeq,gptbnz1hg8hi
1589,bhnhgn@khs.fmf,zri3r9x8i,g0c2fg1h13s2egw
1590,kvwqii41@dzjp.mub,tqkjmf6mr,6vkladfkinhkv
1591,bh8bbz6na@rjr.nyu,evd0df0wk,pnp2tsusrqgykxg
1592,i04g3591@qnxt.kxf,a2jbaa8ny,7tk6t5dzpwqj4
1593,5u1p33l@tqlbv.grrk,hzx0ts8yg,twd0srt5v4tizb83
1594,o1jrl@dyz.kbei,yz2g8wo9ma,3fkloixq6i9gr49
1595,7je32@fuiu.rv,opv69juh05,dyjt1ao1aal1wi8pr
1596,r022y46@arft.vlxy,ckma9hr7,zeonimocvh5ix1mk
1597,1i0ga@aps.wl,87004uyg,jojwrsawjkbz7th
1598,wulz3@lngni.mc,2somzgitaq6y,42q5sntky5j4ivgu
1599,rvfso@urc.cp,36r5qvpdcb,d0dtn8mjmisvayx
1600,x50eht@fyzji.an,pmhowl0g78w3n,6qzchjgna3r3l2kt3
1601,q7cyrl@irec.he,prrulxf91w03,m02c0t0rz1bbi
1602,mmh9cbw@jxsa.huo,hgu9n2hrr7v87,209ikbkxtaer
1603,t79t9@mhus.ypoc,ee6j4gzyj3j,6c4gjrb7axzz
1604,6cyhrp5@zgmvg.rqlg,baja1iqr,fm0ur9dbtuora10r
1605,cynqv7@qmyn.crv,1aofna5tv,0lojev9jnwpf3
1606,ie04yn70u@mmyy.jvm,h5g9j0jallf,7x36cmhd6932qy
1607,f80hdo6j@wixwj.fd,h40661s9x3rka,8aui4ty4c7a
1608,ayavd03@ffm.jq,0uwuhom1o7b,n5hbh0yciqaoktuq4
1609,fy5nbk@hjhcq.qs,53zc550y3f,vp7y3ejvq6c5sp61f
1610,sv3123@oylxz.pyoi,ne2p17lv,nbdtg10aemni
1611,wdxnwkm@vamkj.vjx,fkesyoqky,4g6vgdyyx08
1612,xmn027b@urgw.zau,p6wd77yzp0,dwgt3y310y1yo3yp
1613,ador3tp@kse.hjig,hnhpzn7lfow,ckc66wkvpfygx
1614,4vw2e1lse@centb.svt,hsn36y8g6nca,x1cq4dehh8soekz8
1615,msinf@eqx.un,pfb4evk4n,7gjaamt0x023y
1616,zjh148t@stot.otf,esexids71,p1197pnboysz75u
1617,v771e@fgcf.oe,kouthsp1s,jhafrrcrbssgmpg9a
1618,gnm75u@hkt.gyp,ifi0fybodc0,1v619dgt65f
1619,k0daqpv9@cipr.vr,6rj6e7h7,00q4vezx5m4bnxa
1620,k39n9407@kpa.th,8ljbwmlb,yhshzi9ts75uhn
1621,tzwy6tvs3@ehi.ueb,mefqhxho,a3g18onvs6wzp
1622,s79gw@ogm.kncp,dzdrlyti4,g9zpgebehrffha
1623,s2b0u8a@akom.rm,as4zwzj6c1p7e,ser9zdhftuyxdzo7h
1624,4cio0@djjza.gyo,j66j3e7go4d,d1krhd32kj0
1625,abqyxn@jmgrs.uxs,x3dnbja0s,4pwjytsrzjdau
1626,baeuc@ubta.dbqb,4smaebva510,iktu7aoedlnmfab
1627,r489goz@bctjm.rwcc,sjsssytvhx,oo4uk5wfzigv343qp
1628,ve80gxfj6@gfqk.cu,0qnnunjk,xtv588756zp6opd
1629,lutg49@tue.wv,mvt4i4zqfw,2ydtv9mtqpk
1630,2pmko@dcjc.pskr,btcj7g161leg,kt5queyec4s768m
1631,ljt24h@qwllq.aoat,r2ju1taz1,fxbz08jxvw9v8pnfu
1632,ugb9qlyq5@xyq.xqst,2ctbyoauzs1y,dqjrtt60sywk8gfu
1633,gsnbupqjn@ulk.cb,dg2y52sdg4,265upln98ggk41
1634,q4w2619@xvqpb.qs,7oeunvgay4oa,fp8qe6sku5pb0na
1635,acx94@fin.ho,08p4io249,qng36j0al0tysgxlq
1636,e0ymyy@scr.olzt,ttpb9bqj,uavf2n4bubro05
1637,vaaajmmh@zhcid.pd,qo9zmm7vql,14fb1gc1gtv4
1638,31fc6h1@crd.mxq,ignjkkkbb83gj,0l74m6b9jfl1m0
1639,61epb@fjiaj.znp,znb06zo9zpzb0,dwp7gak5gt5oma
1640,1fg1om2js@qch.bu,oonwozpdk,9pdq8m8lwjwfz
1641,7gllnyn2@nko.wecj,dlz1fbvd,3wxm3aisp5v37om
1642,8vbi1@hup.cs,a3qqc6wsi,ri8nzxbfc0e3cadp3
1643,7ogc2m@ixmz.fov,j8ioqyiu9px,bsi78hyar6r508v
1644,dtc2pgi1m@gih.zl,og7058u18n,9duy1fsau7v2lryby
1645,qbd0q3@ddq.icr,oqh8dj0swb6o,c2ow9cqd4qgtwnef6
1646,nnol49ckh@lfru.yyxd,u8jx3yk4l,cv9fwdiy3nuzy
1647,vz9t36de8@zuybs.khhd,lwz1mr7mqt1v1,i5z7wc91g7bly
1648,o2pr8i3x@zmcc.nqsw,wj0030car0,vyebq18ecmgfk
1649,8jw0yl8rb@pgqux.qcbr,3vqpg26j,nnxa1w8ieidq9og
1650,lbklr@ufdae.ewbn,q1g6gh26a81w4,o5tw7n75bdrp6mrpz
1651,bsd3g29mm@bns.noe,lombvvjv2sek,wchrsdg6ri7at9
1652,7exg5fvtz@gcqns.xad,dhu2cn49n,vlkpd6s2ry9
1653,lx73o@ezw.mael,w8svhc00,sgy5kclpqw6j2
1654,gojpib1gm@fnhdg.cv,mj5j2tyrm,1qt757ycz3y
1655,1m0phn@zlm.eucy,4cgtcuinmww,pwfpw2x0t72a7
1656,5v2tbk@wkal.pk,lc3vautg0sp,0r4f3elfj2u
1657,6k9ck@lucxe.ks,y5xx38asz2t0,pzukvag3t5lpiv
1658,gqnlawc@bkqnk.qui,vcn6vop2xwi,4akuhgpylirq
1659,9mqrh2jy0@uax.ax,exon510ueg6e,xsid865oauqhv3q0
1660,h3ds1u@rhuy.ht,6fdlejb1capji,kgzl89txcfmsnw
1661,v8botkw@kze.ztfd,ldqo5eujiz,j3i9ygjjv96j96geb
1662,77w9u@hrp.wzvw,aehvgll0g,pc9frwidswzuga1a
1663,8gepgk@dxaz.qnm,wl5bmfaxbvt,1312hxofn466gr
1664,yda8nx30@oghg.ulk,o5qs5j9u2mri7,h03pkyfp2c490tge
1665,ow6d3rgmy@pocus.hqgq,yk7hv9ee280zh,s4wgq1lk27l227
1666,e73948039@egit.ab,2rvq22qa3jk5,8mwpbclahzfyld
1667,ucc2mm@ghnp.dhc,0jpgqjn6ty34n,hdo9lfnn8dd81on
1668,ucw691h9l@etrbw.fsn,b6zm33wst8cn,2w0blkp9vtbfqoe3n
1669,2fij8kdw@wtp.ee,n8ghr17nq,u9oag137o0c8gvby3
1670,y17ickk5s@gpqp.mf,gbv1gvy6t,tpuzy6kczvjjs
1671,9e1v9gw@gsg.shdz,apeqjgiyv,2ksio3bz30c
1672,qtoyuc87m@bxoa.ojx,tztt6179zzk5i,2ty04cys1cd0
1673,rzxwjyw@jpa.ke,rhylmdp7ui9gp,mt9pe4aoi0v3qei
1674,3apgfunuy@dgf.glv,wdrs8tldh5,c3tgfjwiqswxajxx
1675,ni61x2@mif.ds,wylu2qrr,s3zz2vtn4okpdt5
1676,2lseskdg1@cciea.vs,ocavfgo9ftfm,f8tyqhouxivvr9
1677,qd72hl5qi@pnnbp.dbnb,d1r2wx5oyg,b4nz56zc94g2ehq
1678,ygstus@wgpkm.ct,hutdc71iqkgf,jwlwsmgvxxdpjm
1679,bdo0qm@zqx.yi,iflwl8menhw,tak9jt4zt7u2sag1
1680,smwldxuhx@xis.ugkk,w8i0l8t9bui8t,2mjrfstr8xaxy6h1s
1681,zfywe@dibxi.cmds,c8x1w3jm7q,cim8wcsgv8n5fs
1682,qzz41lx@daigf.nk,rjgs7y5ikd,od9m8w9xuein
1683,lwxvv3k@jis.tvoh,ietdriklz7dc6,ji2hneuapto5hgk4b
1684,0bsu68@szvow.idjy,e6nqye07hr,iz4l4oey0g9t7op61
1685,u4c4sf@kpd.bcab,yv6umusbw8a,se2j67xvfgmiw7
1686,fqbva4wh@crdxc.mpi,2e34y7sngz2rr,15g63m2lrjrmh8u9
1687,d568b@ydh.plq,d9euhqrg,0jlfoopwcwrj
1688,33f0r5xg@yclsc.dqw,84cantfol,u0oipz3qr9m4av9n
1689,9753iroj6@kyfwp.kj,9kouhjlve,eomq0g9nc4u92oq32
1690,jbf5wom5e@alpg.uus,iech5iphxg2,d94yzvbckdyz3l6
1691,lqureo@ywqkn.pgr,c7cpn08j,mkxt8zydwc3ru
1692,y06is2@qpg.hy,bikz4l0fqbp,2vmtb8seeywg
1693,1n6j6@awwbk.at,9q6rsr7gxl7nn,ao04ofzliswf2m
1694,82hvcmu2t@evxkk.ay,9dl6rvruwt,42zkppccdt0pxv0c
1695,eu3mmc@frzr.dau,7wyj9utqm5,eq8zuln8c2outm7
1696,4jpbcojgq@tuk.zoto,nd0ma6a1wqm,zlz4o2o0v83
1697,woquu@svku.kn,ha4km95im9yz1,n2rzs6boikltiaso
1698,2bnovrcbl@ssih.ggw,69ykmzoi8do,r25qhzn8ojzv6g2
1699,dm5gl7cxp@cuq.pk,rl90ek2pd,qhng6xc3igir7a
1700,9qrkk@cvn.pqk,7mnahxsxqnf6,dkzu4w0bgll
1701,mv7ewpac@cxtf.hky,v55i5nwmruuhw,un918ypv8ol52zr
1702,7ix169@ctnjw.bcnv,uolsk44u1a4jh,wqovhejve2gz5w5
1703,2gi86uaf3@agdz.da,dv4m8hw87jah,p8lkarhy6450r4
1704,no6nln7n@uan.tj,tmns0vimyc,07vshkbs93872qs5
1705,cizlj54@gkk.ypp,8lqp4mbrm6rh,jq3raaap8mph
1706,77zq55zxg@jpcr.uimq,8u9gtyu0p,gt6pxz0dj0vsg
1707,xhoms2k@jgoag.bxmc,9k8dvcvl,98s2mkc9ybwuyrwrh
1708,ju7j3p@uruse.mu,nrxoe1k05,ooo73cfy8lh
1709,gxa27rzs@lilti.shg,eqxtsmbxh,9800y4zy4adm9i
1710,qn31ur7i@mmyyv.fwq,vbvyeei53f3,j8fr1sk9zavy95yhc
1711,uijrsuzsc@uime.ftev,77no24ggu,utj2hsocou31n
1712,i93opjr7@zvedy.kvk,cncrciorvtlzq,efwvrfacfy9vewxg
1713,8dcvfkyql@eirv.ssrk,2afjlynxzhh,b72krhpcxw7
1714,kigobluuv@haont.mg,uroeogfsayvx,8jcur0c18u8u
1715,j3oft@whri.qg,1i8x7dub16zs,hhceaebzcadz6
1716,yw2j82y3d@zjjim.znfc,jqe898uy,3slzvav2ksp
1717,byoiaahe@rpma.fa,yr567cx6i,07x3mklaam9b
1718,7nu032@zfbq.wm,0jxfn7cgeqx,v0cmekk36gplt
1719,dqgdhm@ykynt.ko,8lc5nt05s,8yd980oqjvgfm
1720,g9l8m@aakvh.tg,h0ryhtik0s5s,8qu2camcyit2w11
1721,769zah@nklbs.fe,oozh10ku3,er4gxo9cthbcjd
1722,f8gtyzdu@mkck.zyii,smip0r48rveb,0wabnmff8cc
1723,bld3ia9z2@gesvb.epnm,6nof99wxw,qeb92s7zumvvr5df
1724,1e8id@qievg.bazo,36dxwpzb,fyseywq38ti2h3b
1725,1657yn5ld@tys.pi,7j5pn923h2,9pjzwnyvd27
1726,s3n25cu@ouz.nh,3qhdgusd,dg454k075m3nw4y
1727,brriq44@dxuq.bs,ao2e6b9yxqko1,3ky1mlz4av9rndp77
1728,wigzytl@yqmk.svy,91bplhxnh,e5hcbhymn55f2n
1729,plg6q@sieu.alhu,wcd75o96ssi1,sd25tth1gt1ap
1730,jogmmg4ib@dkkh.hc,j890vee0o1de,gyaljr9sx3ak
1731,52shij@wby.py,enyhogdovmy,6qlr36vcmo0
1732,k6b7sk@jvud.ep,d415o2neuv,trh37slxt2vxosv
1733,z4kxkv@qzf.qg,6s8iy7kmfq,qmoz19nh55wt9fv
1734,00hymzx@jeh.ole,ijhoecyc5p8,y4vi55k2o3omf38u1
1735,54otlqvnl@vagk.iq,hac8aah768,dmzg39s3xw9cvxe11
1736,p5fdtg3@wennd.kl,5qjxkuyum,duvcwx9z7hwd3
1737,w6llv@vroe.wm,dr91xjw38nn0z,3amhb8pfrrb4t6d
1738,qiq40r@phkjp.jd,sq5ni87cuves6,v80ea1l5o2t
1739,keyhmwn@xodjr.tbt,12j883k9,v2vv0r22cghcmkh
1740,fm8ch@pjuz.pkh,85qkg7tn3c,uyvyjpi8nzk
1741,e3w4qfhko@qiig.tod,uybvkjun,w3xz176jjoqdfg8f
1742,zm0entw@lcsrw.uau,77u2qgo1yvdt,o4zcssw991px
1743,cc940@lqev.ahr,qx3lfiyvhpy,bdl7n40zrgqouke4
1744,yck766@cbz.qd,n4mef6m2mepwh,4v6jfmuasrx
1745,vm82usf7@tth.vgy,qd7yuqprw,94y54dkuwq4jnie
1746,j0671i@ensa.sfql,3r22zpj4rxenl,i9m9n765n6ivmnd
1747,iugw2@qbk.de,5p16wdogls0p5,sl8t694ihfis56p01
1748,vb6u0@zikgb.jhpi,s8n74x33t2rx,5qr0kaqmxr5r2y
1749,x7jz6@nrw.pa,88bqwviq1e,zt72thb28bw6406
1750,h6f49t6ej@ipkb.dkn,hvrw9kah0ze,k5u4kzifmdbup001
1751,ukfon6q@eobu.bl,ut9sf53f,hdgkppc8vy6k
1752,jlj52@tiff.tj,79aj89hnq8,scl3qjmprb4q
1753,ak6f2d@jfdps.emi,j3awyw4w2nh,sspxz5mlt9g
1754,sb57hd@eqe.jc,h7bhdrhi3zfa3,pz2jjreg0ojijl
1755,w8hpdzus6@hcdc.oqx,sp4qu2eoid,bgkuusq219q
1756,2dbmrz@svoty.px,qxu8g94if3,3khuxd3w82swh9t
1757,jllpftfl1@woo.gg,0as7oqs33zt,63z9kgqvzndzv
1758,olizw@ymn.nd,xi30rftpm,xsuq18ozvx28pi
1759,v00rer@cojaj.lhu,54zassi2vs,syngwrxaaxwjglk
1760,c403lwqfi@jlu.qq,284d14hsh,khn80n23bn04
1761,z2jcu78mk@vgrp.luoa,pk1qn2tzp8,penfq46v5yj
1762,y3enuh7g@xykc.wbuj,304fji7vja0,cenityxxvk4dwmglz
1763,77nrrwv@qqyiy.yarw,a5joq5rfs,edczt9lhxtrgpkxo
1764,mjfpwu@ewk.bv,dhw86v1le,5ocng467dh8kpep
1765,ri9xynr@akmf.uepx,a6f3g5lkg,dg5oj1mkfhnvxz18g
1766,m2vh63@sgar.ypfl,r57rfsieer36b,oy7o9fvqq7f9wyod6
1767,oozvns@nhzp.zs,7t4fm5br6ki9w,y3dfd7dns7yg6oza4
1768,qs5dw5gj@bbduc.vq,jf9sp4wxnj,aqu1q7mh2bi2o
1769,z97msx@acju.cx,n21qqqec7aai,4xhlamn6pvz
1770,4o6fnvaq@xejn.qxhl,j9x7usg8x,od6pkvd7ppt
1771,fuev2j@nll.aei,0zxr7a2kmfs5h,w69xtsl8pp9ab4
1772,5qhtrdu7t@gnag.wm,zvnv9kqx5zz75,uu6lekehfzdvemt
1773,fitffmd3@vutem.jj,enc6t93je,zv6zhlni4oq91c
1774,i7mktmt@aergl.rcbr,gvhn7dop7,oo4ibv7j268ipru04
1775,kdp3ob48@sgezv.mo,7nvwcqa83ck9,9l3pgv8f13rzpkf79
1776,611yt7ae0@scvgi.jg,41acbwuy,z1f4u11gexob
1777,hynetog9k@oaoj.di,9ffxt8fihqw1a,2dvmm7jiufcba9a9r
1778,ndzfh@yqswn.esmx,n3xw9llsmz,gtlhcownr1hn
1779,5vegvr3pv@xkps.pwps,0qxrxnykwe5lf,jotp8nk5rfsez6
1780,ectrt8558@dtuxp.gefs,tdzfrrhq8,m77yrfxhnmf2rroy
1781,5fhj9@poz.ua,9wmggx9eg,7kfm42xpznhy
1782,k8ncy430m@jjy.wua,q16y1mc73k,y0ilw9upgce6yz80r
1783,az37yw1@dsb.dww,l7lqbmtkpcke5,1l4w3ir69b0t7ih8
1784,d8yo1rc2@ygb.dkf,74zosqgf4,jgeo28k94b4l
1785,1a2jxiwp@yai.jwze,lfszzi03ik,3ndb4uc5wjzqbw
1786,4l15o8@zsipb.zqvg,jifpgsinhyk,med85y6ik1aveuk30
1787,zo35e@ptbo.nxvc,1vyyurnaubb21,hfyd9l08bh83ua95
1788,n5n5fr6w5@ktlyj.fnxp,5snjf0da0ukwh,4bkr1y491542nwzyj
1789,gvcohd8d@xygzp.ret,xfe5lcsoq,htxgun2m0a23z
1790,fy955i5sq@lyyzb.rc,97wkfj768g2oh,169kui5ee0p98aw
1791,1ibph@ijswk.yqq,grks1djlpzq3,44scc8ftx3tztr7y
1792,fzw3f42@sjw.nlp,ao2qswver,pt1bdyws22qj
1793,e37humjr@zcb.jfs,qnvin8cr,tblsfxclnk58bj4g4
1794,hqmzdz9o@fngbo.bd,58i1524y7c7,xnlogozmnsa08e6w
1795,m5mp1c@rffrt.gr,hsrtutvacmb5,rjgb62uzhdgs
1796,tve55e@yco.sv,pcbw498plv,3xzjyfey3209rfx
1797,wupn7b9@xists.ohg,p8g0q6wer77,rmm625j5ptnzy9tv
1798,nqplimkxl@zdw.jsu,zb90cgrdn,lerauqd7bb6i
1799,kpepgv31@fipgf.opul,zrssmb8jzyw,ijs6sbtbtpa2a4o7
1800,y3t9zegi@dlob.uxpq,zcz1cwugi,kzjwprlvp6gy
1801,bcldzd@clkfe.ew,gklrmzhlw3d,475f5h1jaqggpm
1802,q0b1v@jnjpm.skw,zk8t3hxs4b,scvtkzlmdp8g
1803,3rbua5gn3@cfqy.vb,8nv8q6djcu8vq,1copmmot45voykx0
1804,du7df1md@osiu.xted,97ewcvs8v,rbqmgxdfqfvmkvy
1805,whe3wdkl2@asejb.peg,sa1s7kdsq4a,cfqtzjoc6d5ple7q
1806,r7h74i@wabz.rgpn,0wsd2g9vmvht9,ppuh9nfg1ql
1807,0dnf14t@ktf.axyw,3qe1n69o0,98dg3vo2fh4tmiisx
1808,bfiuf4gap@oyj.kq,rxa6dtgf,k6ebvehi7xsvki
1809,pk0ejx@rebh.oz,lpkf9f64z,io085t8qtdmu0l0g3
1810,lxezefm6@uwyua.pwnh,aajstp6pgd6qv,2l9cs642l78kazg33
1811,ik4tqug9@etg.uv,ih1gokvw,un26ycnyku3rz7p9
1812,ou7jly6l@dqpc.jd,b3ztkfjrs,vmae27yc6bkzl3
1813,a8fs6@ydw.uf,h10pz916kz2,2fufhmbb03z28b
1814,9h4xwffgw@gaqs.py,806tan9d,ajkdov1rikyw4lv
1815,mq7k02e@iznb.rm,6r29wk9imshir,hvjzza98rnsrh
1816,vkt55i@wzht.ykxb,3pshmwxtf,fssmpmhr285vm2cgy
1817,ttg3fe@qso.cbu,sdly8z3tfo5,vjrcbapridhg
1818,adz1fk2@lkayx.lqk,7xog4c45,nyu2fe8zg9ml
1819,83zpkes@vjg.so,ivwj26unwzbz,n0myxmhhzdna2va0
1820,uezfjm8@faflm.zz,ag32e3vdq1,fbtjt9n5aas5
1821,hj6ai8@nyo.qp,mf9k0uia5ry,lpoxcamf75vpbo6
1822,ktsx19hv@pccq.hd,0fzeyic6,ol5jldfah5vl
1823,k2313y6@ogcl.nlfy,peggz1yc8,2b53io28z70nm3
1824,ox8yay9@svocb.tdh,ahqb2gq737,mnv4hi9todnd
1825,gatfxor@qitzu.vsjj,01luplcqi97h,04xl2eg2po61e46ia
1826,zqv0s6qwr@rkqab.ywz,51r3kioa64h83,wmebtfqycxxo9psqj
1827,8e15rpsx@aeoi.zlku,k31bhqogt1sl8,3araxzd3jxkthv
1828,in7yc0@qpzd.ly,lvovqa46h,3axv2pjl44dqkck
1829,cscl49@vlfpn.wmpt,9ahiaoeb,hxtgb8dfq00gfa7r
1830,eohd29c@rug.rled,unzdyjqv3vj,qj6st6ykd70mr7xqk
1831,59yxd@hpi.uhif,nimxhe9jkm1,yrgfgrrjykb0k5nf
1832,ip80e5r2@rznid.vpq,lgnzh3rzsrzj,4uvugzl0cayc9c
1833,r73nllp2l@sdpm.gt,bj4qathahxtt3,pxthe9cp2mec2b
1834,16fsg6@dfi.edh,qw9ycidjmw9jb,lxbhm0voiao
1835,54l93akw@avxwd.ydag,q3jelhmr74acv,zt2fr3wzehq0zv
1836,s50cpt9m9@tezd.vkzx,xgara3j5qpra,8df6jufo5dpx722rl
1837,c2zd29u4f@jdcjj.sjkm,vzwdnvrl,wn5uofk36a7ohu
1838,2k6m3q1@yto.pwir,vgoor6iwx,9tw3v6ig2va5695
1839,qkdhsvg4@kdi.qtr,nlm2jp7tmr0x,j4tikjm1v3c
1840,a2gyb@btc.cf,c6mqxi57ww9tg,kqspjwtzr5e
1841,fdyezgu@ckje.kgo,2tqkggvf,b458zgtl7hnpzo8
1842,i709y3sz@ktjds.mxvu,k2bofgmiay43,xzn1232jf0z
1843,hwfk9g@zgxva.xjz,ibixh29i,jn3m63vs7cbjlv7
1844,lqjjpps5@uzfra.fy,uj3l1avygv,y3bnng1vbrokxwf7
1845,uu713@ccy.zlf,wmytzcbmcas,kpfkramlwk898
1846,rsi63@oquno.nb,0v70rlvl,x8r0t5oo241krf
1847,ssmne64@bbk.enr,5blqbrh9k7jx,yv1qn97ipw6t4vro9
1848,zk7iol@xmgq.ip,0zouloown,5s50zlx0rh4ji3
1849,ddqyy@max.pvl,u0v8lr4ab,g8ldy1m7izpw7u1mp
1850,223pk@nvhcd.rra,ybopx658,ax1zhj30qmgqyn
1851,vy9q9z@oxc.phof,nzh33v1q2d,f67wow7er2j6c
1852,fqenxu4@waza.zwr,2qei9y7iz,6cpmht8t0ev1uz
1853,br760n@ncot.wyl,p0dzftii,ibiwm0aaqnz920
1854,2r2ykt92@cnv.nn,m0mv4a5ddl,eik03u2g2nvkfee
1855,8ficsid3@ucqjn.dqt,zc7cz53fspr,uh1wuygix9w
1856,qyvhw@two.mzm,neua9xk8hm,bmjti6bzy7o2
1857,ijrd5@kzvi.zhi,i7dhiwht,o1r8cebqyjn
1858,qqkwu@rou.je,9f828yne5aqrz,yp79lgigioo853
1859,0e1rq8bfn@tyyjr.xqg,wzdsm997pi,yyb6p6itms2jcv
1860,fqg1unx15@iditb.gprh,lcckiajzxa,ivffb8eo2ob14o8
1861,xowrxw@srnv.hpwp,izlx8t2h477,9nl7zlzaho7t3s7
1862,ju6vis@ffsxx.enp,vzuc6xnk0,jth03797bky
1863,v5xq0j@xzbw.iiah,2bhq5tw96ay,277o2ahl9z07cc
1864,nl9f4@xhen.sic,ktsishi8,xdt8xoj0oktad
1865,4vwfqgl@vusx.oah,m6dztp4uju9,gkz8xr0t9wlmot
1866,htvh65@glosq.jeb,907gt5n1ewqnl,keyib3rbagh94
1867,h6jucw@rgew.mxh,pw2eszpp8,ieq6mbi1ba0w3m55w
1868,rhvyb@blm.yqp,g9h7mdd5htd,8of6zzo376x
1869,pzlf85l4@joqvb.ir,44urbzne4o,i4kwc0uz1yw
1870,z0yt4chb@gkgm.wd,twlya23fcxc6,gf5dotqp7cyt9id5
1871,2j5t9jm73@falk.wmm,uov8p9ct,aj9th5axqdxc9n1
1872,yg0c8s@xcq.gafs,46f51i6l87,rso578a7l9ilfu
1873,ewiyu@olz.xj,xzmpnzbdow7,3b55fp6m25imbk6v
1874,odhxvh@fyoiu.gsc,488qxwa6gvls,k8osquvpe23dzugg4
1875,iigz2f@ulhq.nxji,vsefzfy80,l8hc7ulonj6e60
1876,9e7qrrwv@xcyw.fnm,hn3zbulzmp26,4hf85jcb9t7fc
1877,i8hna@tphw.wvk,7xrkbs9r,qpk0wnltvp64nkf
1878,fs7wyvn@saes.zebb,afioiscdz,ldynjptvg9rf
1879,xvrdx@gpvkq.umi,gxotgxuy,0xq7ep2l6jmpy0yet
1880,wwxo90vkx@goi.kn,sgu1w1xi,gs9s1vmr7swltj
1881,pyxx9y7f@omwxm.xfl,8tvsm2o736,fxnssm3o8xuzn3
1882,srtgs@ivc.lkd,iavaufy8kugp,t1czcnckep7ky
1883,xpbt3ho@dgm.tmos,ejwj8jzn,70e4o3zhtux76
1884,l5znqvfs@jzmou.tcfz,tefc4zaub,pmqa3kxqcxlob1
1885,axzib@cqy.rr,k3rlwcfyj,kxivrrlg2ujxd
1886,1w0hm3l@jhhvu.ry,hfy8krg1,5jl5b4z0n0nieh
1887,siwbrf@hyk.cqr,04bgnfbtr,7317a9guq41rp0
1888,pw6avoqir@die.bx,96x0ikm6a1fg,ewg4wzjdohf9mxvv
1889,dgkie@liqmf.gd,laubzupp,qw4cob235oj
1890,bfvm3l@pxz.yxti,ap8envm84,exj5sstcnn32elscn
1891,xaw28pyxd@btm.vhm,4l5dd65bu7,bizxv43xhpyq
1892,wxhrcu@ebhwo.cpmb,o3i413epk,f3pvnx284ij7
1893,89sg27r@anzyu.ak,9iriyxkow9k,3di2tnwat230j
1894,naa5ie0@vmkyg.fdxn,i1g1dbs0cc,u6d2kcu7726jtcdc
1895,96vke7eep@ulhz.rokt,wbtchy0i87,v22rrvacka6rroxw
1896,q04fewd@qmrrp.fqh,s557pgfqn9fu9,bb47e8uod250
1897,5oa48qgq@xzzq.kocs,a1f3wxy7k,ai0w9ze63z1ef
1898,304r49e@ucpw.ilox,ydu9em202yuz,ueyprjs7oo7g1
1899,zjbz9lsd7@gibw.ixt,2jv7jg8bya6,2tqmhcvkemvt
1900,fdfvigaxr@aoy.galx,u7qf38cay9r,a9pg2ggg9wdefhtft
1901,p2akuno@zezke.gwt,9ztnftsnw,1zqt2w4i179hff
1902,ztjojmkv@egg.rlui,nn7j2njym,n4ngggresq90lj
1903,mxwwm6@ayaq.uwbp,xnkqaxix,w3qn70j2kfc4t67f
1904,kv4phk04r@khb.bybc,2d2k8oq20,z501lmh1cj2
1905,39w9l2n@rghse.zaj,j5il3gpll0zdt,giutdeohnqi
1906,25xh6@adbwl.gh,jjmmgx7chqjf,y067qwgnuk36z653
1907,6y6d91@uxdy.et,a3xfig74gryg,8dtjp3v7o8viga1x
1908,5t9ya@dhf.lte,9errfewgld68,1j15sh5kfrbs6nwuk
1909,umrt7@ubzay.xx,6ghph1pnr,3m4ey58v3nxq8ajw
1910,mro6sotd@rvfm.ubvn,xqj8luixh5,hxstt87egrf
1911,247gzib@huux.nxpy,e465utx9kr,ma1rqtdey16c1vj
1912,34hw2xtfk@vair.hz,vj9esw9ilsdbs,l67uop5vowb3get8j
1913,3ht01@kuk.ziz,erc59vspfvf,3nuhn4xcrla
1914,e8q2fo@lxh.ohy,dwgsus31sv9cn,ezc7kb5z6n1mx
1915,zsxls9@chu.ksq,b5dcjrufs816,71cye4uxuqo7yir1o
1916,zx5f1u@bgjr.kam,t6g0ccbnealc,54enwcjwkhwr
1917,wscqzyj@psd.fsy,nzp5em99d,fwtbjh84lg6kvna
1918,pz1q493wp@iecs.quir,iq1xpzfyzlch9,ki1q6846dzjib
1919,vq7zalv7r@lvko.qhe,y2eo6c7b9t6jl,yptpafynbr3y
1920,spz2o@xtc.rhyo,6vzaymid3,i2flawkfik36uone
1921,tyxz7@csaug.ozwv,74mdavvb,lbkrcmzc0wvs
1922,16m1b@vjsg.nm,pnnvfqn7fouts,9rvc41cu4tygbpc
1923,x5e3zm@ttlpq.xv,2d7vdksbi08an,rliwcw7hdpu2b
1924,72rpdq@jmg.kpkx,ujxbcoqde6kg,rms2v948hlcno3i
1925,djj3ab@sqy.rsb,k92lgwlszwn,i03p75pz8qvi
1926,ke8t8@zgjha.qvcv,lrzwfg83co,o6mu28lg6g4n45
1927,um3s537@prlac.yp,ihfzhsvm,lawrp60pks4cce
1928,5mdax84@tnmdo.csoc,ruo87wbaf,7w3pp3a1sacpl
1929,7syd0c2@cbj.xiwf,b653aw6n7i,5rz9ss546jayi9edg
1930,k0mgjh@tfch.acp,mqxvu4a06t,wm9dm8422u2kjmlk
1931,25n8kqhv9@lolm.czb,7r10qemth6x83,p5bc1u8f6vbp3a
1932,xthf12i9i@vsd.ld,4exevm37,yxxfgynbitdfdk
1933,6dk1hzd0@czw.ms,3b46xvzk,1af7lg274g5
1934,48mtq75k@dngmb.ln,xg63vid1rvxs,h8stswicf7jtcz5gk
1935,3phqg6@yhnn.fgta,05c16t65,x236s91k6b65zn
1936,xtgomcdkp@fwx.bcq,ny8x21wv,y63y35vt9j6xs
1937,uyt5vdc@ddmo.bxw,a2c7buoxpd4,xj06dn0dot8708sq
1938,cfkj6cv0@jdvf.eit,23adu33hmgr,vlmg58fl2ywucxd
1939,ovx0ax9@xiw.cnkm,j6ek0404,ne84mheqj7gk3cm
1940,n9pvr0caj@wagn.eb,i9m7t8s71l2,khcplb88ldrc6
1941,6yjw4@leo.ekp,vxp9t76cxbp9,l3p92q7acnke
1942,2qd1z00h0@upghp.cll,t0vg4kwhgs2o,8sg0jhi49i3vqoxo
1943,2jxi9@dnmb.xq,sfb4jwkanas,890thta6h75c68rzz
1944,shwqre@exalu.gbys,4qrxxx1vmgxt,oq0doqie289l
1945,89l9j1@zifzx.hv,2uzdffj2t,jwpt0mfde36
1946,cfnceb@win.alny,meko0wab,imv4klh71ecq0h
1947,nopbcctk5@ngllh.rlbd,o6pqegxf1v4sh,bdyjcz92hlktf
1948,14lbaw006@izjo.tu,bqkx4w7rxv,ljilao1ph3tum
1949,u4hv55@xczz.dgk,au0810hhuosa,2qlpjy45zk76oq
1950,5dp4rne6@odz.no,pgwznk5n1,rsh4it4g3ftcclgw9
1951,2k8w3ks9n@yvu.ssbj,cawxsgqp0ebz9,oaj3v4vpxj7xs
1952,iqmig@seyd.utjr,8d83q483n,490l1nbg7xymwb
1953,64kwih5@vzjnf.om,uosnac2hfyfbc,b5qq2ceg9oacr9
1954,s3pre0j2@vadg.gam,1fyimht0wti,xlwnnnblbqz
1955,d7bkvqo@rxbb.ues,lpudrto4,x5d0osyoyayj62jow
1956,qcoyr79qf@jyc.iod,azy6sbqb,eg1g3g9hvu8vv8c2
1957,712yy9o@nsau.kbc,y57mngrsoiny,9ebcid8jpmr
1958,6ng2iy5u@erxg.pu,jl85g4v30eu7,cr2iuttvzeus7
1959,2uf4c@tbsmu.sgoy,oupoqz3ons4d,iuzawxfw2g37r61w4
1960,7g03997@hlnvu.jvrc,b8eq52fn5k,q88ggw21aqae3
1961,bajurs8@jfw.zspv,9t07zp9q9,pj9sr86dvpp3
1962,jjscsx25e@uyfr.oh,09pwy619tr7x9,tfjqpbw4pyt
1963,dvp9j@icvue.oum,wi8dlgv82995d,qbvipsib9xxo
1964,av1bs@xhzho.ng,lwl2jg77il,rs1fyp0j8emc
1965,phb74de@sdar.eatw,5q3emgaxdbg5,ul5h6cqqrojg
1966,vr8iomc9@tnhwg.cyfe,3u1413u1,uopbwmut30qnz
1967,rcud89d@hku.wt,72t23498xx,tcrbsuft39o
1968,shi5odwc1@xbd.ao,9lhlepbjk6r6,ub1iw4kt6oyoci6l
1969,94pzdw27k@rkx.wsh,r4b4ld5i21td8,8p91ike8ijg
1970,xdd3g8l4@xwako.fwb,tzzs3xil,i3yz041ogzjjhj
1971,68wtzj@coyj.mrn,7y6wcbbwkbvq,ssqk4nvyog66
1972,w95i4qkg@csxe.qvhf,c4r7p0qu,s3scgk3fjx218wu
1973,mp03904l@xjpxc.av,qlgd6m7vsyz4j,vesdqxvx24numcdqe
1974,98ltx4syk@tul.qha,ieugceir,qdcaau81t5pz6g3
1975,s82mm@gpn.ybw,3ks6vfrygn,qa1p7jjnt5ml4bzws
1976,chs3n7n@debzl.uv,kpz6w9hubl8,3e0wtq6x3syw
1977,62vpx2xf9@gdemr.mv,mxibjhx9q88,19nl0r8g48mh
1978,qspg819jm@wxoqm.nx,a7mvxg8beay,gi84213s0x30xcak
1979,mi22xe9w@wzyf.vfgp,a3ryrq0vz,p3hon2ii35lhn
1980,fbxw62hrf@wlbib.bcn,siftibd2sd7h,67el7gtyrx4b
1981,ld6po7t26@dwqsf.oyu,mjp5ch6f7k,vih8jvs30e4zrlr
1982,3fkrimp@nuzv.wul,v60xhs535hl,yw1etywxlz5eu7c
1983,lrl09hrj@uqy.ej,b4d48hxu41m4,4sxt0ci874580r
1984,q43kr@wvc.vox,akv0vuq6,d5juwd8r25v5lnku
1985,oomoi1jz7@sbuwl.wag,irpmc0cov,8jz49sndtlthy2
1986,mrbxhspm2@casl.qrmz,u7usty5cp,b6teoytpayi
1987,mqa9d@enhbs.yux,zo3fugok,o8x4idosxzgin31bx
1988,mynuo3ko6@mpj.nuc,mlbv1t5k2,rb8gl3ehqnvom
1989,5wxy7fm8@ouxcf.wo,gll8gzua9a1wa,tku2bs65h4az
1990,gzb0y3zg@eib.kbhk,y9g5eoj2t,hctwjqptjz6y
1991,906z7rv6v@bfkad.ht,uees4d37vr,3swhjlkp0qowb68c0
1992,kcxtalbp@bqyjc.vs,i35nxtbmfz,tk2unxywe47e8vo
1993,mnu2yofss@rtgu.zkud,zhg2rtbtayl,n23gxiyt4hcfbvi1
1994,6k3xpcble@hjgbn.xllv,wnmw98h3u,zil0py61td8gxr6p
1995,w6975@mxfj.iotp,bhlqyuxrwm8,dr0g1r19kmcujk
1996,6vkv4x@rrni.akrf,f1pv3mjie5,kvbmuln01maa
1997,10o3wjre@pduy.izkm,7dqgsf9achp,q9jzap3j1vqa87u
1998,hze5u@djej.ox,joehf2vjuax3w,58ntmnii41je8
1999,a4l2g0y@wbpgg.qfv,21s32q1eeox,6ca23q64t57pj8748
